FID,Shape *,COM_NUMBER,GOV_CODE,NOTES,MASTERCOM,COM_NAME_1,SP_CODE_1,T_POP202_1,Com_Code,COM_NAME_2,Gap
0,Point,452660_2,ps/45,تابعة إلى عرب الرشايدة,452660,الرواعين - بيت لحم,450101,0,ps/45/452660_2,Ar Rawa'in-Bethlehem,0
1,Point,502620_1,ps/50,تابعة إلى سعير,502620,الدوارة,500018,0,ps/50/502620_1,Ad Duwwara,0
2,Point,502778_1,ps/50,تابعة إلى البويرة(البقعة,502778,الباقة,500001,0,ps/50/502778_1,Al Baqa'a,0
3,Point,503305,ps/50, ,503305,المقعورة,450347,51,ps/50/503305,Khallet Athaba',0
4,Point,502540_2,ps/50,تابعة إلى بيت أمر,502540,خربة المنطرة,500016,0,ps/50/502540_2,Khirbet al Mantara,0
5,Point,452520,ps/45, ,452520,خربة تقوع,450076,143,ps/45/452520,Khirbet Tuqu',0
6,Point,452390,ps/45, ,452390,خلة البلوطة,450080,28,ps/45/452390,Khallet al Balluta,0
7,Point,503120_1,ps/50,تابعة إلى يطا,503120,جورة جمال,500009,0,ps/50/503120_1,Jourat al Jamal,0
8,Point,503350_4,ps/50,تابعة إلى خربة الفخيت,503350,حلاوة,450347,0,ps/50/503350_4,Halaweh,0
9,Point,452335,ps/45, ,452335,بيت تعمر,450069,1727,ps/45/452335,Beit Ta'mir,0
10,Point,452175,ps/45, ,452175,بتير,450077,5081,ps/45/452175,Battir,0
11,Point,452200,ps/45, ,452200,الخاص,450065,431,ps/45/452200,Al Khas,0
12,Point,502620_2,ps/50,تابعة إلى سعير,502620,العديسة,500018,0,ps/50/502620_2,Al 'Uddeisa,0
13,Point,502620_3,ps/50,تابعة إلى سعير,502620,راس الطويل,500018,0,ps/50/502620_3,Ras at Tawil,0
14,Point,452190,ps/45, ,452190,خلة النعمان,450390,121,ps/45/452190,Khallet an Nu'man,0
15,Point,452400_1,ps/45,تابعة إلى وادي رحال,452400,خربة النحلة,450087,0,ps/45/452400_1,Khirbet an Nahla,0
16,Point,452285_2,ps/45,تابعة إلى الشواورة,452285,فخت الجول,450067,0,ps/45/452285_2,Fakht al Jul,0
17,Point,502780_1,ps/50,تابعة إلى الخليل,502780,واد الغروس,500001,0,ps/50/502780_1,Wadi al Ghrous,0
18,Point,452375,ps/45, ,452375,الفريديس,450316,1185,ps/45/452375,Al Fureidis,0
19,Point,452385_3,ps/45,تابعة إلى جناتا,452385,آلعقاب,450316,0,ps/45/452385_3,Al 'Iqab,0
20,Point,502680,ps/50, ,502680,بيت عينون,500018,2115,ps/50/502680,Beit 'Einun,0
21,Point,502681,ps/50, ,502681,قلاع زيتا,500018,1191,ps/50/502681,Qla'a Zeita,0
22,Point,503320_1,ps/50,تابعة إلى السموع,503320,وادي العماير,500004,0,ps/50/503320_1,Wadi al Amayer,0
23,Point,502620_4,ps/50,تابعة إلى سعير,502620,القانوب,500018,0,ps/50/502620_4,Al Ganoub,0
24,Point,502815_1,ps/50,تابعة إلى بني نعيم,502815,الجلاجل,500023,0,ps/50/502815_1,Al Jalajel,0
25,Point,502450_1,ps/50,تابعة إلى صوريف,502450,دير موسى,500029,0,ps/50/502450_1,Dir Musa,0
26,Point,452285,ps/45,تشمل الخشنة وفخت الجول و را,452285,الشواورة,450067,4502,ps/45/452285,Ash Shawawra,0
27,Point,452285_3,ps/45,تابعة إلى الشواورة,452285,قرشان الشواورة,450067,0,ps/45/452285_3,Kurshan al shawawra,0
28,Point,503320_2,ps/50,تابعة إلى السموع,503320,السيميا,500004,0,ps/50/503320_2,Al Simiya,0
29,Point,502640_1,ps/50,تابعة إلى ترقوميا,502640,خلة عثمان,500034,0,ps/50/502640_1,Khalet Othman,0
30,Point,502685_11,ps/50,تابعة إلى إذنا,502685,درايشه,500035,0,ps/50/502685_11,Daraesheh,0
31,Point,502685_10,ps/50,تابعة إلى إذنا,502685,خنزيره,500035,0,ps/50/502685_10,Khanzereh,0
32,Point,502685_9,ps/50,تابعة إلى إذنا,502685,واد العزيز,500035,0,ps/50/502685_9,Wadi Aziz,0
33,Point,502685_8,ps/50,تابعة إلى إذنا,502685,خلة الجمخه,500035,0,ps/50/502685_8,Khalet Al Gamkah,0
34,Point,502685_7,ps/50,تابعة إلى إذنا,502685,خلة إبراهيم,500035,0,ps/50/502685_7,Khalet Ibraheem,0
35,Point,502685_6,ps/50,تابعة إلى إذنا,502685,خربة بيت البان,500035,0,ps/50/502685_6,Khirbit Bit Al ban,0
36,Point,502685_5,ps/50,تابعة إلى إذنا,502685,شعب جادالله,500035,0,ps/50/502685_5,Shieb Jadalah,0
37,Point,452360,ps/45,تشمل زعترة الشرقة,452360,زعترة,450068,8491,ps/45/452360,Za'tara,0
38,Point,452225_2,ps/45,تابعة إلى دار صلاح,452225,برية دير صلاح,450064,0,ps/45/452225_2,bareat dar salah,0
39,Point,502881,ps/50, ,502881,العين,500362,172,ps/50/502881,Al'en,0
40,Point,502615,ps/50,تشمل قيلا، و راس الجورة,502615,بيت اولا,500033,15945,ps/50/502615,Beit Ula,0
41,Point,502585,ps/50, ,502585,نوبا,500031,6176,ps/50/502585,Nuba,0
42,Point,502560,ps/50,تشمل خربة مشرف (عين داب,502560,خاراس,500030,10024,ps/50/502560,Kharas,0
43,Point,502615_1,ps/50,تابعة إلى بيت أولا,502615,راس الجورة,500033,0,ps/50/502615_1,Ras al Jora,0
44,Point,502615_2,ps/50,تابعة إلى بيت أولا,502615,قيلا,500033,0,ps/50/502615_2,Qila,0
45,Point,502540_3,ps/50,تابعة إلى بيت أمر,502540,خربة القات,500016,0,ps/50/502540_3,Khirbit Al qat,0
46,Point,502815_2,ps/50,تابعة إلى بني نعيم,502815,خلة الوردة,500023,0,ps/50/502815_2,Khalet Alwardeh,0
47,Point,502815_3,ps/50,تابعة إلى بني نعيم,502815,واد الاعور,500023,0,ps/50/502815_3,Wadi alaawar,0
48,Point,452325,ps/45, ,452325,نحالين,450080,9456,ps/45/452325,Nahhalin,0
49,Point,452430,ps/45, ,452430,خلة الحداد,450092,549,ps/45/452430,Khallet al Haddad,0
50,Point,502595,ps/50,تشمل عرقان طراد,502595,كوازيبا,500018,1518,ps/50/502595,Kuziba,0
51,Point,502580,ps/50, ,502580,حمروش,500018,51,ps/50/502580,Hamrush,0
52,Point,502630_9,ps/50,تابعة إلى حلحول,502630,المرجمة,500017,0,ps/50/502630_9,Almarjameh,0
53,Point,502630_13,ps/50,تابعة إلى حلحول,502630,الجمجمة,500017,0,ps/50/502630_13,Al Jumjumeh,0
54,Point,502630_18,ps/50,تابعة إلى حلحول,502630,الراموز واد ابو الذهب,500017,0,ps/50/502630_18,Al Ramoz wadi abu ad dahab,0
55,Point,502630_19,ps/50,تابعة إلى حلحول,502630,طريق الراموز سحو,500017,0,ps/50/502630_19,Al Ramoz Sehoo Street,0
56,Point,502630_20,ps/50,تابعة إلى حلحول,502630,الحواور,500017,0,ps/50/502630_20,Al Hawawer,0
57,Point,502630_21,ps/50,تابعة إلى حلحول,502630,واد الرشراش,500017,0,ps/50/502630_21,Wad Alroshrash,0
58,Point,502630_22,ps/50,تابعة إلى حلحول,502630,رجم جلاك,500017,0,ps/50/502630_22,Rujm Galaq,0
59,Point,502630_23,ps/50,تابعة إلى حلحول,502630,ظهر البو,500017,0,ps/50/502630_23,Daher Al Baw,0
60,Point,502630_24,ps/50,تابعة إلى حلحول,502630,خربة عقل,500017,0,ps/50/502630_24,kherbet  Aqel,0
61,Point,502630_1,ps/50,تابعة إلى حلحول,502630,ماماس,500017,0,ps/50/502630_1,Mamas,0
62,Point,502630_2,ps/50,تابعة إلى حلحول,502630,طبيقة,500017,0,ps/50/502630_2,Tbaeka,0
63,Point,502630_3,ps/50,تابعة إلى حلحول,502630,واد عادل,500017,0,ps/50/502630_3,Wad Aldel,0
64,Point,502630_4,ps/50,تابعة إلى حلحول,502630,الخارجه,500017,0,ps/50/502630_4,Al Kharjah,0
65,Point,502630_5,ps/50,تابعة إلى حلحول,502630,ارنبا,500017,0,ps/50/502630_5,Arnaba,0
66,Point,502630_6,ps/50,تابعة إلى حلحول,502630,عين عاصي,500017,0,ps/50/502630_6,Ain Asi,0
67,Point,502630_7,ps/50,تابعة إلى حلحول,502630,واد قبون,500017,0,ps/50/502630_7,Wad Qabon,0
68,Point,452280,ps/45,تشمل خلة حمد و وادي أم قلعة,452280,هندازة و بريضعة,450072,8132,ps/45/452280,Hindaza and Bureid'a,0
69,Point,452280_1,ps/45,تابعة إلى هندازة و بريضعة,452280,خلة حمد,450072,0,ps/45/452280_1,Khallet Hamad,0
70,Point,452280_2,ps/45,تابعة إلى هندازة و بريضعة,452280,وادي أم القلعة,450072,0,ps/45/452280_2,Wadi Umm Qal'a,0
71,Point,452280_3,ps/45,تابعة إلى هندازة و بريضعة,452280,ظهرة الندى,450072,0,ps/45/452280_3,Dhahrat an Nada,0
72,Point,452275,ps/45, ,452275,مخيم الدهيشة,450063,9526,ps/45/452275,Ad Duheisha Camp,0
73,Point,502815,ps/50,"تشمل الجلاجل,خلة الوردة,واد",502815,بني نعيم,500023,27013,ps/50/502815,Bani Na'im,0
74,Point,503220,ps/50, ,503220,قنان جابر,500009,383,ps/50/503220,Qinan Jaber,0
75,Point,503215_3,ps/50,تابعة إلى الكرمل,503215,خلة صالح,500010,0,ps/50/503215_3,Khallet Salih,0
76,Point,503215,ps/50,تشمل خيروشيويش، والحديدية،,503215,الكرمل,500010,10684,ps/50/503215,Al Karmil,0
77,Point,503255_1,ps/50,تابعة إلى التواني,503255,خروبة,500338,0,ps/50/503255_1,Kharoubeh,0
78,Point,503255_2,ps/50,تابعة إلى التواني,503255,خربة صارورة,500338,0,ps/50/503255_2,Khirbet Sarura,0
79,Point,503215_4,ps/50,تابعة إلى الكرمل,503215,الحديدية - الخليل,500010,0,ps/50/503215_4,al Hadedeyah,0
80,Point,503115,ps/50, ,503115,خلة المية,500358,2357,ps/50/503115,Khallet al Maiyya,0
81,Point,503150,ps/50, ,503150,ام لصفا وأبو شبان,500358,1808,ps/50/503150,Umm Lasafa,0
82,Point,503105,ps/50, ,503105,الكعابنه_أم الدرج(الزويدين,500059,1607,ps/50/503105,Al Kaabnah-Um ad Daraj,0
83,Point,503111,ps/50, ,503111,ام الشقحان,500358,664,ps/50/503111,Om Ashoqhan,0
84,Point,503117,ps/50, ,503117,ام العمد(سهل واد الماء,500358,439,ps/50/503117,Om Al Amad (Sahel Wadi Elma),0
85,Point,503120_9,ps/50,تابعة إلى يطا,503120,الحيلة,500009,0,ps/50/503120_9,Al Heila,0
86,Point,502781,ps/50, ,502781,البويرة (عقبة انجيلة,500009,1681,ps/50/502781,Al Bouaierah (Aqabat Injeleh),0
87,Point,502965,ps/50,تشمل حريز,502965,زيف,500009,1165,ps/50/502965,Zif,0
88,Point,503005_1,ps/50,تابعة إلى البويب,503005,خلة الحجر الفوقا,500358,0,ps/50/503005_1,Khallet Hajar Fauqa,0
89,Point,503005_2,ps/50,تابعة إلى البويب,503005,خلة الحجر التحتا,500358,0,ps/50/503005_2,Khallet Hajar Tahta,0
90,Point,503005_3,ps/50,تابعة إلى البويب,503005,العين,500358,0,ps/50/503005_3,Al 'Ein,0
91,Point,502965_1,ps/50,تابعة إلى زيف,502965,حريز,500009,0,ps/50/502965_1,Hureiz,0
92,Point,502725_1,ps/50,تابعة إلى وادي الريم,502725,جرون اللوز,500018,0,ps/50/502725_1,Jurun al Louz,0
93,Point,502735,ps/50, ,502735,قنان النمر,500018,174,ps/50/502735,Qinan an Namir,0
94,Point,502725,ps/50,تشمل جرون اللوز,502725,وادي الريم,500018,246,ps/50/502725,Wadi ar Rim,0
95,Point,502620,ps/50,تشمل شمالية الهوى وراس الطو,502620,سعير,500018,22728,ps/50/502620,Sa'ir,0
96,Point,502620_6,ps/50,تابعة إلى سعير,502620,شمالية الهوى,500018,0,ps/50/502620_6,Shamaliyyat at Hawa,0
97,Point,502595_1,ps/50,تابعة إلى كوازيبا,502595,عرقان طراد,500018,0,ps/50/502595_1,'Irqan Turad,0
98,Point,502635_1,ps/50,تابعة إلى الشيوخ,502635,قفان الخميس,500019,0,ps/50/502635_1,Qafan al Khamis,0
99,Point,452225,ps/45,تشمل الحجيلة وجهضم وأم القس,452225,دار صلاح,450064,4963,ps/45/452225,Dar Salah,0
100,Point,452180_2,ps/45,تابعة إلى العبيدية,452180,وادي العرايس,450066,0,ps/45/452180_2,Wadi al 'Arayis,0
101,Point,452180_3,ps/45,تابعة إلى العبيدية,452180,الحديدية,450066,0,ps/45/452180_3,Al Haddadiya,0
102,Point,452285_4,ps/45,تابعة إلى الشواورة,452285,الخشنة,450067,0,ps/45/452285_4,Al Khushna,0
103,Point,452205,ps/45, ,452205,الحدادية,450067,0,ps/45/452205,Al Haddadiya,0
104,Point,452225_3,ps/45,تابعة إلى دار صلاح,452225,أم عسلة,450064,0,ps/45/452225_3,Umm 'Asla,0
105,Point,452225_4,ps/45,تابعة إلى دار صلاح,452225,جهضم,450064,0,ps/45/452225_4,Juhdum,0
106,Point,452225_5,ps/45,تابعة إلى دار صلاح,452225,ام قسيس,450064,0,ps/45/452225_5,Umm al Qasseis,0
107,Point,452265,ps/45, ,452265, الدوحة,450063,13795,ps/45/452265,Ad Doha,0
108,Point,452240,ps/45, ,452240,بيت لحم,450063,30929,ps/45/452240,Bethlehem,0
109,Point,452195,ps/45, ,452195,مخيم العزة,450063,1648,ps/45/452195,Al 'Azza Camp,0
110,Point,452185,ps/45, ,452185,مخيم عايدة,450063,3055,ps/45/452185,'Ayda Camp,0
111,Point,452255,ps/45, ,452255,بيت ساحور,450063,14368,ps/45/452255,Beit Sahur,0
112,Point,452209,ps/45, ,452209,بير عونه,450063,1529,ps/45/452209,Bier Owni,0
113,Point,452208,ps/45, ,452208,خلة حمامة,450063,1757,ps/45/452208,Khellat Hamamh,0
114,Point,452360_2,ps/45,تابعة إلى زعترة,452360,زعترة القرشان,450068,0,ps/45/452360_2,Zatara al Kurshan,0
115,Point,502640,ps/50,تشمل خلة عثمان وخلة الجراح,502640,ترقوميا,500034,21181,ps/50/502640,Tarqumiya,0
116,Point,502540_4,ps/50,تابعة إلى بيت أمر,502540,فلسطين التقنية,500053,0,ps/50/502540_4,Al 'Arrub Collage -Polytechnic Palestine,0
117,Point,452270_1,ps/45,تابعة إلى الخضر,452270,عبد العزيز ديرية - منشار الهلال,450063,0,ps/45/452270_1,Abel Aziz Dereh - Hellal,0
118,Point,10185,ps/01, ,10185,مخيم جنين,110254,11239,ps/01/010185,Jenin camp,0
119,Point,10190,ps/01, ,10190,جلبون,110381,3036,ps/01/010190,Jalbun,-578
120,Point,10195,ps/01, ,10195,عابا,110322,351,ps/01/010195,'Aba,-118
121,Point,010245_2,ps/01,تابعة الى زبدة,10245,خربة مسعود او عراق الدوار,77,0,ps/01/010245_2,Khirbet Mas'ud,-6
122,Point,10210,ps/01,تشمل المنشية,10210,كفر قود,110311,1676,ps/01/010210,Kafr Qud,-1238
123,Point,10215,ps/01, ,10215,دير ابو ضعيف,110383,7600,ps/01/010215,Deir Abu Da'if Village Council,-1448
124,Point,10220,ps/01, ,10220,برقين,110266,7688,ps/01/010220,Birqin,-1775
125,Point,10225,ps/01, ,10225,ام دار,110402,706,ps/01/010225,Umm Dar,-97
126,Point,10230,ps/01, ,10230,الخلجان,110404,665,ps/01/010230,Al Khuljan,-87
127,Point,10240,ps/01, ,10240,ظهر العبد,77,504,ps/01/010240,Dhaher al 'Abed,-96
128,Point,10245,ps/01,قيقس=القصور وخربة مسعود=عرا,10245,زبدة,110401,1350,ps/01/010245,Zabda,-176
129,Point,10265,ps/01, ,10265,يعبد,110277,17275,ps/01/010265,Ya'bad,-3298
130,Point,10275,ps/01, ,10275,كفيرت,110278,3310,ps/01/010275,Kufeirit,-401
131,Point,10285,ps/01, ,10285,امريحة,110277,355,ps/01/010285,Imreiha,-55
132,Point,10295,ps/01, ,10295,ام التوت,110261,1288,ps/01/010295,Umm at Tut,-298
133,Point,10300,ps/01, ,10300,مثلث الشهداء,110265,2480,ps/01/010300, Mothalath Ash Shuhada,318
134,Point,10305,ps/01,تشمل شركة السقاوخضري م م مق,10305,جلقموس,110260,2831,ps/01/010305,Jalqamus,-654
135,Point,502630_10,ps/50,تابعة إلى حلحول,502630,النصبة,500017,0,ps/50/502630_10,Alnasbeh,0
136,Point,502630_11,ps/50,تابعة إلى حلحول,502630,بير النجد,500017,0,ps/50/502630_11,Baqar Bir Al Najed,0
137,Point,502778,ps/50,تشمل الباقة,502778,البويرة(البقعة,500001,1524,ps/50/502778,Al Bouaierah,0
138,Point,502635_2,ps/50,تابعة إلى الشيوخ,502635,شارع القحوانية,500019,0,ps/50/502635_2,Al Qahwaneh st,0
139,Point,502635_3,ps/50,تابعة إلى الشيوخ,502635,قنن نياس,500019,0,ps/50/502635_3,Qanan Neas,0
140,Point,452495_1,ps/45,تابعة إلى تقوع,452495,برية تقوع,450099,0,ps/45/452495_1,Bareat tqua,0
141,Point,503170_1,ps/50,تابعة إلى البرج والبيرة,503170,البيرة - الخليل,500060,0,ps/50/503170_1,Al Bira,0
142,Point,502620_5,ps/50,تابعة إلى سعير,502620,جورة الخيل,500018,0,ps/50/502620_5,Jurat al Khiel,0
143,Point,502910_1,ps/50,تابعة إلى المجد,502910,خربة ابو حامد,500060,0,ps/50/502910_1,Khirbet Abu Hamid,0
144,Point,503010,ps/50, ,503010,بيت الروش التحتا,500060,470,ps/50/503010,Beit ar Rush at Tahta,0
145,Point,503075_1,ps/50,تابعة إلى بيت مرسم,503075,ابو سحويلة,500060,0,ps/50/503075_1,Abu Suhweila,0
146,Point,502920,ps/50, ,502920,حدب الفوار,500060,2583,ps/50/502920,Hadab al Fawwar,0
147,Point,502985,ps/50, ,502985,اسكيك,500060,233,ps/50/502985,Iskeik,0
148,Point,502860,ps/50, ,502860,سكة,500060,1003,ps/50/502860,Sikka,0
149,Point,502640_2,ps/50,تابعة إلى ترقوميا,502640,خلة الجراح,500034,0,ps/50/502640_2,Khalet Al Jarah,0
150,Point,452400,ps/45,تشمل البيضا والثبرة وخربة ا,452400,وادي رحال,450087,1968,ps/45/452400,Wadi Rahhal,0
151,Point,502630_12,ps/50,تابعة إلى حلحول,502630,واد الشنار,500017,0,ps/50/502630_12,Wadi Al shenar,0
152,Point,502630_14,ps/50,تابعة إلى حلحول,502630,واد الجيف,500017,0,ps/50/502630_14,Wadi Aljif,0
153,Point,502450_3,ps/50,تابعة إلى صوريف,502450,دير النيل,500029,0,ps/50/502450_3,Dir Al Nil,0
154,Point,502450_2,ps/50,تابعة إلى صوريف,502450,وادي الدير,500029,0,ps/50/502450_2,Wadi Al Dier,0
155,Point,502685_4,ps/50,تابعة إلى إذنا,502685,رسم البيدا,500035,0,ps/50/502685_4,Rasem AL Bida,0
156,Point,502685_3,ps/50,تابعة إلى إذنا,502685,ضاهر عياد,500035,0,ps/50/502685_3,Daher Ayyad,0
157,Point,502810,ps/50,تشمل السيمياء,502810,دير سامت,500350,8900,ps/50/502810,Deir Samit,0
158,Point,452525_1,ps/45,تابعة إلى بيت فجار,452525,شركة شفا,450082,0,ps/45/452525_1,Al Shfa,0
159,Point,452525_2,ps/45,تابعة إلى بيت فجار,452525,المنزله,450082,0,ps/45/452525_2,Al Manzelah,0
160,Point,452525_3,ps/45,تابعة إلى بيت فجار,452525,خلة هيجا,450082,0,ps/45/452525_3,Khalet Heja,0
161,Point,502555_1,ps/50,تابعة إلى شيوخ العروب,502555,قنان نياص,500001_1,0,ps/50/502555_1,Qanan Neas,0
162,Point,502625_1,ps/50,تابعة إلى خربة  جمرورة,502625,منطقة ترقوميا الصناعية,500034,0,ps/50/502625_1,Tarqumiya Industrial area,0
163,Point,502630_15,ps/50,تابعة إلى حلحول,502630,الراموز ابو دنهش,500017,0,ps/50/502630_15,Al Ramoz Abu Danhash,0
164,Point,502840_2,ps/50,تابعة إلى دورا,502840,كريسة,500310,0,ps/50/502840_2,Kureise,0
165,Point,503130,ps/50, ,503130,خشم الكرم,500059,166,ps/50/503130,Khashem al Karem,0
166,Point,452180_1,ps/45,تابعة إلى العبيدية,452180,وادي النار,450066,0,ps/45/452180_1,Wadi al Nar,0
167,Point,452180,ps/45,تشمل واد النار و وادي العرا,452180,العبيدية,450066,15642,ps/45/452180,Al 'Ubeidiya,0
168,Point,503256,ps/50, ,503256,سوسيا,450347,218,ps/50/503256,Susiya,0
169,Point,502782,ps/50, ,502782,خلة الدار,500024,3273,ps/50/502782,Khallet Edar,0
170,Point,503380_1,ps/50,تابعة إلى امنيزل,503380,اسيفر,500376,0,ps/50/503380_1,A Seefer,0
171,Point,502640_3,ps/50,تابعة إلى ترقوميا,502640,فرعة,500310,0,ps/50/502640_3,Fer'a,0
172,Point,502855,ps/50, ,502855,قلقس,500058,1875,ps/50/502855,Qalqas,0
173,Point,503335,ps/50,تشمل دير الهوى,503335,الرماضين,500056,4552,ps/50/503335,Ar Ramadin,0
174,Point,503170,ps/50,تشمل البيرة,503170,البرج و البيرة,500060,3516,ps/50/503170,Al Burj and Al Bira,0
175,Point,503245,ps/50, ,503245,الظاهرية,500011,39402,ps/50/503245,Al Dhahiriya,0
176,Point,503285,ps/50, ,503285,خربة شويكة,500011,309,ps/50/503285,Khirbet Shuweika,0
177,Point,503270,ps/50, ,503270,خربة دير شمس,500011,51,ps/50/503270,Khirbet Deir Shams,0
178,Point,503248,ps/50, ,503248,كفر جول,500011,51,ps/50/503248,Juwai & Kafr Jul,0
179,Point,503235,ps/50, ,503235,سومرة,500011,269,ps/50/503235,Somara,0
180,Point,503320,ps/50, تشمل السِيمْيَا،بئرالعقبة,503320,السموع,500004,28530,ps/50/503320,Al Samu',0
181,Point,503120,ps/50,تشمل بيار العروس الدوير قرن,503120,يطا,500009,69661,ps/50/503120,Yatta,0
182,Point,503120_2,ps/50,تابعة إلى يطا,503120,وادي السادة,500009,0,ps/50/503120_2,Wadi as Sada,0
183,Point,503120_3,ps/50,تابعة إلى يطا,503120,قرنة الراس,500009,0,ps/50/503120_3,Qurnet ar Ras,0
184,Point,503100_1,ps/50,تابعة إلى بيت عمرة,503100,قنان النجمة,500008,0,ps/50/503100_1,Qinan an Najma,0
185,Point,503120_4,ps/50,تابعة إلى يطا,503120,خرسة,500009,0,ps/50/503120_4,Khurisa,0
186,Point,503120_5,ps/50,تابعة إلى يطا,503120,اعزيز,500009,0,ps/50/503120_5,I'zeiz,0
187,Point,503120_6,ps/50,تابعة إلى يطا,503120,بيار العروس,500009,0,ps/50/503120_6,Biyar al 'Arus,0
188,Point,503120_7,ps/50,تابعة إلى يطا,503120,المنطار,500009,0,ps/50/503120_7,Al Muntar,0
189,Point,503120_8,ps/50,تابعة إلى يطا,503120,الدوير,500009,0,ps/50/503120_8,AD Duweir,0
190,Point,503395,ps/50, ,503395,خربة غوين الفوقا,500004,50,ps/50/503395,Khirbet Ghuwein al Fauqa,0
191,Point,503325_1,ps/50,تابعة إلى إدقيقة(خربة طويل,503325,طويل الشيح,500059,0,ps/50/503325_1,Khirbet Tawil ash Shih,0
192,Point,502450,ps/50,تشمل دير موسى,502450,صوريف,500029,18961,ps/50/502450,Surif,0
193,Point,502780,ps/50,تشمل واد الغروس,502780,الخليل,500001,220532,ps/50/502780,Hebron,0
194,Point,502840_3,ps/50,تابعة إلى دورا,502840,الطبقة,500310,0,ps/50/502840_3,At Tabaqa,0
195,Point,502840_4,ps/50,تابعة إلى دورا,502840,واضح,500310,0,ps/50/502840_4,Wadih,0
196,Point,502840,ps/50,تشمل رَفادِة، وواضِح والطَ,502840,دورا,500310,43145,ps/50/502840,Dura,0
197,Point,502840_5,ps/50,تابعة إلى دورا,502840,رفادة,500310,0,ps/50/502840_5,Rafada,0
198,Point,502730,ps/50, ,502730,سوبا,500350,153,ps/50/502730,Suba,0
199,Point,502750,ps/50,تشمل الخمجات,502750,تفوح,500026,17330,ps/50/502750,Taffuh,0
200,Point,502750_1,ps/50,تابعة إلى تفوح,502750,الخمجات,500026,0,ps/50/502750_1,Al Khamajat,0
201,Point,502890,ps/50, ,502890,طواس,500060,225,ps/50/502890,Tawas,0
202,Point,502910,ps/50,تشمل خربة ابو حامد,502910,المجد,500060,2498,ps/50/502910,Al Majd,0
203,Point,502915,ps/50, ,502915,مراح البقار,500060,329,ps/50/502915,Marah al Baqqar,0
204,Point,502870_1,ps/50,تابعة إلى وادي عبيد,502870,فقيقيس,500060,0,ps/50/502870_1,Fuqeiqis,0
205,Point,502895,ps/50, ,502895,خرسا,500060,3818,ps/50/502895,Khursa,0
206,Point,502870_2,ps/50,تابعة إلى وادي عبيد,502870,خربة سلامة,500060,0,ps/50/502870_2,Khirbet Salama,0
207,Point,502870,ps/50,تشمل خِرْبِة سَلامَة، وفْق,502870,وادي عبيد,500060,1071,ps/50/502870,Wadi 'Ubeid,0
208,Point,502950_1,ps/50,تابعة إلى الصرة,502950,خلة العقد,500060,0,ps/50/502950_1,Khallet al 'Aqed,0
209,Point,502950,ps/50,تشمل حدب العلقة و خلة العقد,502950,الصرة,500060,4323,ps/50/502950,As Sura,0
210,Point,502900,ps/50, ,502900,طرامة,500060,704,ps/50/502900,Tarrama,0
211,Point,502835,ps/50, ,502835,بيت عوا,500350,11447,ps/50/502835,Beit 'Awwa,0
212,Point,503295,ps/50,تشمل عسيلة,503295,عناب الكبير,500011,508,ps/50/503295,'Anab al Kabir,0
213,Point,503295_1,ps/50,تابعة إلى عناب الكبير,503295,عسيله,500011,0,ps/50/503295_1,Osaileh,0
214,Point,503075,ps/50,تشمل أبو سحويلة,503075,بيت مرسم,500060,458,ps/50/503075,Beit Mirsim,0
215,Point,503090,ps/50,تشمل جوي,503090,بيت الروش الفوقا,500060,1520,ps/50/503090,Beit ar Rush al Fauqa,0
216,Point,502970,ps/50, ,502970,دير العسل الفوقا,500060,2039,ps/50/502970,Deir al 'Asal al Fauqa,0
217,Point,502925,ps/50, ,502925,دير العسل التحتا,500060,676,ps/50/502925,Deir al 'Asal at Tahta,0
218,Point,503110,ps/50, ,503110,وادي الكلاب,500060,51,ps/50/503110,Wadi al Kilab,0
219,Point,503145_2,ps/50,تابعة إلى رابود,503145,ابو العسجا,500060,0,ps/50/503145_2,Abu al 'Asja,0
220,Point,503145_3,ps/50,تابعة إلى رابود,503145,ابو الغزلان,500060,0,ps/50/503145_3,Abu al Ghuzlan,0
221,Point,503145,ps/50,تشمل أبو الغزلان وأبو العسج,503145,رابود,500060,3089,ps/50/503145,Rabud,0
222,Point,503135,ps/50, ,503135,كرزة,500060,1035,ps/50/503135,Kurza,0
223,Point,502950_2,ps/50,تابعة إلى الصرة,502950,حدب العلقة,500060,0,ps/50/502950_2,Hadab al 'Alaqa,0
224,Point,502980_1,ps/50,تابعة إلى امريش,502980,العلقة التحتا,500060,0,ps/50/502980_1,Al 'Alaqa at Tahta,0
225,Point,502980_2,ps/50,تابعة إلى امريش,502980,العلقة الفوقا,500060,0,ps/50/502980_2,Al 'Alaqa al Fauqa,0
226,Point,502980,ps/50,تشمل عَبْدَة والعلقة الفُو,502980,امريش,500060,2422,ps/50/502980,Imreish,0
227,Point,502980_3,ps/50,تابعة إلى امريش,502980,عبدة,500060,0,ps/50/502980_3,'Abda,0
228,Point,503095,ps/50, ,503095,كرمة,500060,1954,ps/50/503095,Karma,0
229,Point,503100_2,ps/50,تابعة الى بيت عمرة,503100,ام العمد,500008,0,ps/50/503100_2,Umm al 'Amad,0
230,Point,503100,ps/50,تشمل خلة عربي، وقِنَان النَ,503100,بيت عمرة,500008,3956,ps/50/503100,Beit 'Amra,0
231,Point,503100_3,ps/50,تابعة إلى بيت عمرة,503100,خلة عربي,500008,0,ps/50/503100_3,Khallet 'Arabi,0
232,Point,502940,ps/50,تشمل حفاير بِسْم,502940,وادي الشاجنة,500060,836,ps/50/502940,Wadi ash Shajina,0
233,Point,502955,ps/50, ,502955,دير رازح,500060,323,ps/50/502955,Deir Razih,0
234,Point,502795,ps/50, ,502795,المورق,500350,921,ps/50/502795,Al Muwarraq,0
235,Point,502770,ps/50, ,502770,الكوم,500350,1607,ps/50/502770,Al Kum,0
236,Point,502765,ps/50, ,502765,بيت مقدوم,500350,1217,ps/50/502765,Beit Maqdum,0
237,Point,502785,ps/50, ,502785,حمصة,500350,51,ps/50/502785,Humsa,0
238,Point,502550,ps/50, ,502550,حتا,500032,1267,ps/50/502550,Hitta,0
239,Point,502560_1,ps/50,تابعة إلى خاراس,502560,خربة المشرف,500030,0,ps/50/502560_1,Khirbet Mushrif,0
240,Point,502545,ps/50, ,502545,جالا,500017,409,ps/50/502545,Jala,0
241,Point,502685_2,ps/50,تابعة إلى إذنا,502685,قصة,500034,0,ps/50/502685_2,Qussa,0
242,Point,502625,ps/50,تشمل منطقة ترقوميا الصناعي,502625,خربة جمرورة,500034,0,ps/50/502625,Khirbet Jamrura,0
243,Point,502685,ps/50, تشمل بِير مُسَلَّم، وقصة,502685,اذنا,500035,28528,ps/50/502685,Idhna,0
244,Point,502685_1,ps/50,تابعة إلى إذنا,502685,بير مسلم,500035,0,ps/50/502685_1,Bir Musallam,0
245,Point,502905,ps/50, ,502905,مخيم الفوار,500060,8381,ps/50/502905,Al Fawwar Camp,0
246,Point,502960,ps/50, ,502960,الريحية,500006,6311,ps/50/502960,Ar Rihiya,0
247,Point,452495,ps/45,تشمل برية تقوع,452495,تقوع,450099,9484,ps/45/452495,Tuqu',0
248,Point,452385_4,ps/45,تابعة إلى جناتا,452385,ابو نجيم,450316,0,ps/45/452385_4,Abu Nujeim,0
249,Point,452385,ps/45,تشمل رخمة و العساكرة وخلة ا,452385,جناتا (بد فلوح,450316,7936,ps/45/452385,Jannatah (Beit Falouh),0
250,Point,452385_5,ps/45,تابعة إلى جناتا,452385,العساكرة,450316,0,ps/45/452385_5,Al 'Asakira,0
251,Point,452385_6,ps/45,تابعة إلى جناتا,452385,رخمة,450316,0,ps/45/452385_6,Rakhme,0
252,Point,502630_17,ps/50,تابعة إلى حلحول,502630,خربة الحسكة,500017,0,ps/50/502630_17,Khirbet al Hasaka,0
253,Point,502630,ps/50,تشمل البقار وخربة الخسكة,502630,حلحول,500017,29648,ps/50/502630,Halhul,0
254,Point,502630_16,ps/50,تابعة إلى حلحول,502630,البقار,500017,0,ps/50/502630_16,Al Baqqar,0
255,Point,502655,ps/50, ,502655,بيت كاحل,500025,9740,ps/50/502655,Beit Kahil,0
256,Point,502540,ps/50,تشمل صَافَا، وخِرْبِة المَ,502540,بيت أمر,500016,18621,ps/50/502540,Beit Ummar,0
257,Point,452525,ps/45,تشمل خلة الهيجا والمنزله وش,452525,بيت فجار,450082,14625,ps/45/452525,Beit Fajjar,0
258,Point,502530,ps/50, ,502530,مخيم العروب,500001_1,9807,ps/50/502530,Al 'Arrub Camp,0
259,Point,502555,ps/50,تشمل قنان نياص,502555,شيوخ العروب,500001_1,2148,ps/50/502555,Shuyukh al 'Arrub,0
260,Point,452415,ps/45, ,452415,خلة سكاريا,450081,154,ps/45/452415,Khallet Sakariya,0
261,Point,452210,ps/45, ,452210,بيت جالا,450063,14586,ps/45/452210,Beit Jala,0
262,Point,452170,ps/45, ,452170,الولجة,450063,2889,ps/45/452170,Al Walaja,0
263,Point,452465,ps/45, ,452465,خلة عفانة,450084,205,ps/45/452465,Khallet 'Afana,0
264,Point,452500,ps/45, ,452500,مراح رباح,450094,1871,ps/45/452500,Marah Rabah,0
265,Point,452490,ps/45, ,452490,المنشية,450097,577,ps/45/452490,Al Manshiya,0
266,Point,452510,ps/45, ,452510,وادي امحيميد,450094,163,ps/45/452510,Wadi Muhammad,0
267,Point,452300,ps/45, ,452300,إرطاس,450063,6215,ps/45/452300,Artas,0
268,Point,452400_2,ps/45,تابعة إلى واد رحال,452400,البيضا,450087,0,ps/45/452400_2,Al Beida,0
269,Point,452400_3,ps/45,تابعة إلى واد رحال,452400,الثبرة,450087,0,ps/45/452400_3,Ath Thabra,0
270,Point,452270,ps/45,تشمل عبد العزيز ديرية- منشا,452270,الخضر,450063,12938,ps/45/452270,Al Khadr,0
271,Point,503265,ps/50, ,503265,النجادة,500059,493,ps/50/503265,An Najada,0
272,Point,503005,ps/50,"تشمل  خلة الحجر الفوقا,خلة ا",503005,البويب,500358,806,ps/50/503005,Al Buweib,0
273,Point,503385,ps/50, ,503385,خربة الخرابة,500004,50,ps/50/503385,Khirbet al Kharaba,0
274,Point,503405_1,ps/50,تابعة إلى عرب الفريجات,503405,ودادي,500056,0,ps/50/503405_1,Wedadie,0
275,Point,452360_1,ps/45,تابعة إلى زعترة,452360,زعترة الشرقية,450068,0,ps/45/452360_1,Zatara al  Sharqeah,0
276,Point,503215_1,ps/50,تابعة إلى الكرمل,503215,الجويا,500010,0,ps/50/503215_1,Al Jwaya,0
277,Point,503249,ps/50, ,503249,أبو الحنا,500060,51,ps/50/503249,Abo El-Henna,0
278,Point,452660_1,ps/45,تابعة إلى عرب الرشايدة,452660,الولايده,450101,0,ps/45/452660_1,Al  Walayda,0
279,Point,503405_2,ps/50,تابعة إلى عرب الفريجات,503405,تتريت,500056,0,ps/50/503405_2,Tatrit,0
280,Point,503324,ps/50, ,503324,خربة الرظيم,500011,51,ps/50/503324,Khirbet ar Ratheem,0
281,Point,452285_1,ps/45,تابعة إلى الشواورة,452285,راس الواد,450067,0,ps/45/452285_1,Ras al Wad,0
282,Point,503145_1,ps/50,تابعة إلى رابود,503145,ابو العرقان,500060,0,ps/50/503145_1,Abu al 'Urqan,0
283,Point,503126,ps/50, ,503126,خشم الدرج (الهذالين,500059,1085,ps/50/503126,Khashem Adaraj (Al-Hathaleen),0
284,Point,503246,ps/50, ,503246,اقطيط,500060,51,ps/50/503246,Iqtait,0
285,Point,502840_1,ps/50,تابعة إلى دورا,502840,الهجرة,500310,0,ps/50/502840_1,Al Hijra,0
286,Point,503335_1,ps/50,تابعة إلى الرماضين,503335,دير الهوا,500056,0,ps/50/503335_1,Deir al Hawa,0
287,Point,503375_1,ps/50,تابعة إلى خربة زنونة,503375,ام الطيران,500011,0,ps/50/503375_1,Umm At Tiran,0
288,Point,452475,ps/45, ,452475,الحلقوم,450099,288,ps/45/452475,Al Halqum,0
289,Point,452385_1,ps/45,تابعة الى جناتا,452385,حرملة,450075,0,ps/45/452385_1,Harmala,0
290,Point,502575,ps/50, ,502575,ام البطم,500018,51,ps/50/502575,Umm al Butm,0
291,Point,452455,ps/45, ,452455,خربة الدير - بيت لحم,450099,2173,ps/45/452455,Khirbet Al Deir,0
292,Point,502435,ps/50, ,502435,خربة الدير,500027,393,ps/50/502435,Khirbet Ad Deir,0
293,Point,452460,ps/45, ,452460,جورة الشمعة,450089,1924,ps/45/452460,Jurat ash Sham'a,0
294,Point,503365,ps/50, ,503365,هريبة النبي,500376,50,ps/50/503365,Haribat an Nabi,0
295,Point,503360_1,ps/50,تابعة إلى خربة بير العد,503360,جنبا,450347,0,ps/50/503360_1,Jinba,0
296,Point,503350_1,ps/50,تابعة إلى خربة الفخيت,503350,مركز,450347,0,ps/50/503350_1,Mirkez,0
297,Point,503315,ps/50, ,503315,قواويس,450347,51,ps/50/503315,Qawawis,0
298,Point,503350_2,ps/50,تابعة إلى خربة الفخيت,503350,المجاز,450347,0,ps/50/503350_2,Khirbet al Majaz,0
299,Point,503350_3,ps/50,تابعة إلى خربة الفخيت,503350,خربة التبان,450347,0,ps/50/503350_3,Khirbet at Tabban,0
300,Point,503345,ps/50, ,503345,مغاير العبيد,450347,50,ps/50/503345,Maghayir al Abeed,0
301,Point,503300,ps/50, ,503300,خربة اصفي (الفوقا و التحتا,450347,51,ps/50/503300,Khirbet Isfey al Fauqa and al Tahta,0
302,Point,452535,ps/45, ,452535,المنيا,450095,1456,ps/45/452535,Al Maniya,0
303,Point,503405,ps/50,تشمل ودادي و تتريت ودير سعي,503405,عرب الفريجات,500056,473,ps/50/503405,Arab al Fureijat,0
304,Point,503380,ps/50, ,503380,امنيزل,500376,305,ps/50/503380,Imneizil,0
305,Point,503350,ps/50,تشمل خربة التبان و خربة الم,503350,خربة الفخيت,450347,343,ps/50/503350,Khirbet al Fakheit,0
306,Point,503310,ps/50, ,503310,شعب البطم,450347,195,ps/50/503310,Mantiqat Shi'b al Butum,0
307,Point,503360,ps/50,تشمل خربة التوامين وجنبا وب,503360,خربة بير العد,450347,149,ps/50/503360,Khirbet Bir al 'Idd,0
308,Point,503255,ps/50,تشمل خربة صارورة و خروبة,503255,التواني,500338,213,ps/50/503255,At Tuwani,0
309,Point,452660,ps/45,تشمل العزازمة و الرواعين,452660,عرب الرشايدة,450101,2229,ps/45/452660,'Arab ar Rashayida al Barriya,0
310,Point,503125_1,ps/50,تابعة الى الرفاعية والديرا,503125,الرفاعية,500358,0,ps/50/503125_1,Ar Rifa'iyya,0
311,Point,503125,ps/50,تشمل الرفاعية,503125,الرفاعية والديرات,500358,1440,ps/50/503125,Ar Rifa'iyya and Ad Deirat,0
312,Point,452480,ps/45, ,452480,ام سلمونة,450088,1285,ps/45/452480,Umm Salamuna,0
313,Point,452405,ps/45, ,452405,جب الذيب,450316,156,ps/45/452405,Jubbet adh Dhib,0
314,Point,502635,ps/50,تشمل قفان الخميس,502635,الشيوخ,500019,13220,ps/50/502635,Al Shuyukh,0
315,Point,452565,ps/45, ,452565,كيسان,450096,606,ps/45/452565,Kisan,0
316,Point,452445,ps/45, ,452445,وادي النيص,450086,1083,ps/45/452445,Wadi an Nis,0
317,Point,452440,ps/45, ,452440,المعصرة,450090,1174,ps/45/452440,Al Ma'sara,0
318,Point,452235,ps/45, ,452235,وادي فوكين,450079,1452,ps/45/452235,Wadi Fukin,0
319,Point,452230,ps/45, ,452230,حوسان,450078,7625,ps/45/452230,Husan,0
320,Point,502540_1,ps/50,تابعة إلى بيت أمر,502540,صافا,500016,0,ps/50/502540_1,Safa,0
321,Point,452385_2,ps/45,تابعة إلى جناتا,452385,خلة القرانين,450316,0,ps/45/452385_2,Khallet al Qaranin,0
322,Point,452355,ps/45, ,452355,الجبعة,500028,1213,ps/45/452355,Al Jab'a,0
323,Point,452225_1,ps/45,تابعة إلى دار صلاح,452225,الحجيلة,450064,0,ps/45/452225_1,Al Hujeila,0
324,Point,503215_2,ps/50,تابعة الى الكرمل,503215,معين,500010,0,ps/50/503215_2,Ma'in,0
325,Point,452345,ps/45, ,452345,خلة اللوزة,450072,698,ps/45/452345,Khallet al Louza,0
326,Point,452470,ps/45, ,452470,مراح معلا,450093,1161,ps/45/452470,Marah Ma'alla,0
327,Point,503405_3,ps/50,تابعة إلى عرب الفريجات,503405,دير سعيده,500056,0,ps/50/503405_3,Deir Sa'eeda,0
328,Point,503405_4,ps/50,تابعة إلى عرب الفريجات,503405,ام سدرة,500056,0,ps/50/503405_4,Umm Sidra,0
329,Point,503400,ps/50, ,503400,خربة الرهوة,500011,50,ps/50/503400,Khirbet ar Rahwa,0
330,Point,503375,ps/50, ,503375,خربة زنوتة,500011,144,ps/50/503375,Khirbet Zanuta,0
331,Point,503325,ps/50,تشمل خربة طويل الشيخ,503325,إدقيقة (خربة طويل الشيح,500059,331,ps/50/503325,Edqeqa (Khirbet Tawil ash Shih),0
332,Point,503280,ps/50, ,503280,الركيز,500338,51,ps/50/503280,Ar Rakeez,0
333,Point,503281,ps/50, ,503281,المفقرة,500338,51,ps/50/503281,Almefqara,0
334,Point,503211,ps/50,تشمل الثعلة,503211,سدة الثعلة,500395,0,ps/50/503211,Saadet Tha'lah,0
335,Point,503006,ps/50, ,503006,طوبا,500395,51,ps/50/503006,Toba,0
336,Point,503210,ps/50, ,503210,ام الخير,500059,752,ps/50/503210,Um al Kher,0
337,Point,502940_1,ps/50,تابعة إلى وادي الشاجنة,502940,حفاير بسم,500060,0,ps/50/502940_1,Khirbet Bism,0
338,Point,502880,ps/50, ,502880,بيرين,500400,165,ps/50/502880,Birin,0
339,Point,502800,ps/50, ,502800,طاروسة,500350,153,ps/50/502800,Tarusa,0
340,Point,301525,ps/30, ,301525,عجول,300170,1518,ps/30/301525,'Ajjul,0
341,Point,301530,ps/30, ,301530,المغير - رام الله,300170,3108,ps/30/301530,Al Mughayyir - Ramallah,0
342,Point,301535,ps/30, ,301535,عابود,300325,2330,ps/30/301535,'Abud,0
343,Point,301540,ps/30, ,301540,النبي صالح,300196,565,ps/30/301540,An Nabi Salihi,0
344,Point,301545,ps/30, ,301545,خربة ابو فلاح,300170,4754,ps/30/301545,Khirbet Abu Falah,0
345,Point,301550,ps/30, ,301550,ام صفا,300170,737,ps/30/301550,Umm Safa,0
346,Point,301555,ps/30, ,301555,المزرعة الشرقية,300170,4396,ps/30/301555,Al Mazra'a ash Sharqiya,0
347,Point,301560,ps/30, ,301560,دير نظام,300172,948,ps/30/301560,Deir Nidham,0
348,Point,10080,ps/01, ,10080,اليامون,110311,22412,ps/01/010080,Al Yamun,-3296
349,Point,301565,ps/30, ,301565,عطارة,300170,2697,ps/30/301565,'Atara,0
350,Point,301570,ps/30, ,301570,دير ابو مشعل,300195,4580,ps/30/301570,Deir Abu Mash'al,0
351,Point,301575,ps/30, ,301575,جيبيا,300170,169,ps/30/301575,Jibiya,0
352,Point,301590_1,ps/30,تابعة إلى كفرمالك,301590,عين سامية,300170,0,ps/30/301590_1,'Ein Samiya,0
353,Point,301585,ps/30, ,301585,برهام,300170,632,ps/30/301585,Burham,0
354,Point,301590,ps/30,تشمل عين سامية,301590,كفر مالك,300170,3188,ps/30/301590,Kafr Malik,0
355,Point,301595,ps/30, ,301595,شقبا,300191,5907,ps/30/301595,Shuqba,0
356,Point,301600,ps/30, ,301600,كوبر,300170,4675,ps/30/301600,Kobar,0
357,Point,301605,ps/30, ,301605,قبيا,300189,6590,ps/30/301605,Qibya,0
358,Point,301610,ps/30, ,301610,سلواد,300170,6863,ps/30/301610,Silwad,0
359,Point,301615,ps/30, ,301615,يبرود,300170,622,ps/30/301615,Yabrud,0
360,Point,301620,ps/30, ,301620,بيتيللو,300201,3750,ps/30/301620,Betello-Al Itehad,0
361,Point,301625,ps/30, ,301625,شبتين,300192,1229,ps/30/301625,Shabtin,0
362,Point,301630,ps/30, ,301630,جمالا-الإتحاد,300201,1801,ps/30/301630,Jammala-Al Itehad,0
363,Point,301635,ps/30, ,301635,بيرزيت,300170,6360,ps/30/301635,Bir Zeit,0
364,Point,301640,ps/30, ,301640,عين سينيا,300170,1001,ps/30/301640,'Ein Siniya,0
365,Point,301645,ps/30, ,301645,مخيم سلواد,300170,494,ps/30/301645,Silwad Camp,0
366,Point,301650,ps/30, ,301650,دير جرير,300170,4836,ps/30/301650,Deir Jarir,0
367,Point,150865_1,ps/15,تابعة إلى بيت حسن,150865,شحدة وهملان,111,0,ps/15/150865_1,Shihda wa Hamlan,0
368,Point,151176,ps/15, ,151176,خربة طانا,150336,42,ps/15/151176,Khirbet Tana,0
369,Point,151220,ps/15, ,151220,الرجمان و الدوا,150330,42,ps/15/151220,Ar Rajman and Ad Dawa,0
370,Point,151270_1,ps/15,تابعة إلى عقربا,151270,جفا النون,150330,0,ps/15/151270_1,Jafa an Nun,0
371,Point,151220_1,ps/15,تابعة إلى الرجمان و الدوا,151220,الدوا,150330,0,ps/15/151220_1,Ad Dawa,0
372,Point,10040,ps/01, ,10040,السعايدة,110311,55,ps/01/010040,As Sa'aida,-12
373,Point,151311,ps/15, ,151311,الطويل وتل الخشبة,150330,115,ps/15/151311,Alttawel and Tall al Khashaba,0
374,Point,151450,ps/15, ,151450,خربة صرة,150330,46,ps/15/151450,Khirbet Sarra,0
375,Point,151445_1,ps/15,تابعة إلى دوما,151445,حربة المراجم,150330,0,ps/15/151445_1,Khirbet al Marajim,0
376,Point,251250_1,ps/25,تابعة إلى دير استيا,251250,وادي قانا,250120,0,ps/25/251250_1,Wadi Qana,0
377,Point,010060_1,ps/01,تابعة الى فقوعة,10060,ابو عنقر,110380,0,ps/01/010060_1,Khirbet Abu 'Anqar,0
378,Point,251355,ps/25, ,251355,عزبة ابو ادم,250127,8,ps/25/251355,'Izbat Abu Adam,0
379,Point,251425_1,ps/25, ,251425,خربة سوسة,250133,0,ps/25/251425_1,Khirbet Susa,0
380,Point,10070,ps/01, ,10070,سروج,110311,55,ps/01/010070,Khirbet Suruj,-8
381,Point,301655,ps/30, ,301655,دير عمار-الإتحاد,300201,3628,ps/30/301655,Deir 'Ammar-Al Itehad,0
382,Point,301660,ps/30, ,301660,مخيم دير عمار,300183,2039,ps/30/301660,Deir 'Ammar Camp,0
383,Point,301665,ps/30, ,301665,بدرس,300190,1727,ps/30/301665,Budrus,0
384,Point,301670,ps/30, ,301670,ابو شخيدم-الزيتونة,300170,2639,ps/30/301670,Abu Shukheidim_Al Zaytona,0
385,Point,301675,ps/30, ,301675,جفنا,300170,3159,ps/30/301675,Jifna,0
386,Point,301680,ps/30, ,301680,دورا القرع,300170,3281,ps/30/301680,Dura al Qar',0
387,Point,301685,ps/30, ,301685,الطيبة,300170,1450,ps/30/301685,At Tayba,0
388,Point,301695,ps/30,تشمل الزيتونة,301695,المزرعة القبلية-الزيتونة,300170,5606,ps/30/301695,Al Mazra'a al Qibliya_Al Zaytona,0
389,Point,301700,ps/30, ,301700,مخيم الجلزون,300170,8874,ps/30/301700,Al Jalazun Camp,0
390,Point,301705,ps/30, ,301705,ابو قش,300170,2421,ps/30/301705,Abu Qash,0
391,Point,301710,ps/30, ,301710,دير قديس,300186,2653,ps/30/301710,Deir Qaddis,0
392,Point,301715,ps/30, ,301715,نعلين,300187,5538,ps/30/301715,Ni'lin,0
393,Point,301720,ps/30, ,301720,عين يبرود,300170,2722,ps/30/301720,'Ein Yabrud,0
394,Point,10085,ps/01, ,10085,ام الريحان,110285,482,ps/01/010085,Umm ar Rihan,-50
395,Point,301725,ps/30, ,301725,خربثا بني حارث,300185,3756,ps/30/301725,Kharbatha Bani Harith,0
396,Point,301730,ps/30, ,301730,راس كركر,300181,2117,ps/30/301730,Ras Karkar,0
397,Point,301735,ps/30, ,301735,صردا,300170,1415,ps/30/301735,Surda,0
398,Point,301740,ps/30, ,301740,الجانية,300182,1403,ps/30/301740,Al Janiya,0
399,Point,301745,ps/30, ,301745,المدية,300188,1659,ps/30/301745,Al Midya,0
400,Point,301750,ps/30, ,301750,رمون,300170,2603,ps/30/301750,Rammun,0
401,Point,301755,ps/30, ,301755,كفر نعمة,300170,5042,ps/30/301755,Kafr Ni'ma,0
402,Point,301760,ps/30, ,301760,بلعين,300180,2312,ps/30/301760,Bil'in,0
403,Point,301765,ps/30, ,301765,بتين,300170,2426,ps/30/301765,Beitin,0
404,Point,301770,ps/30, ,301770,عين قينيا,300170,781,ps/30/301770,'Ein Qiniya,0
405,Point,301780,ps/30, ,301780,دير ابزيع,300170,2802,ps/30/301780,Deir Ibzi',0
406,Point,301785,ps/30, ,301785,دير دبوان,300170,4511,ps/30/301785,Deir Dibwan,0
407,Point,301790,ps/30, ,301790,البيرة,300170,49744,ps/30/301790,Al Bira,0
408,Point,301835,ps/30, ,301835,مخيم قدورة,300170,1000,ps/30/301835,Qadurah Camp,0
409,Point,301800,ps/30, ,301800,عين عريك,300170,1920,ps/30/301800,'Ein 'Arik,0
410,Point,301805,ps/30, ,301805,صفا,300179,4733,ps/30/301805,Saffa,0
411,Point,301810,ps/30, ,301810,رام الله,300170,42195,ps/30/301810,Ramallah,0
412,Point,301815,ps/30, ,301815,برقة - رام الله,300170,2215,ps/30/301815,Burqa - Ramallah,0
413,Point,301820,ps/30, ,301820,بيت عور التحتا,300178,5454,ps/30/301820,Beit 'Ur at Tahta,0
414,Point,301825,ps/30,تشمل خربة كفر شيان,301825,بيتونيا,300170,28786,ps/30/301825,Beituniya,0
415,Point,301850,ps/30, ,301850,بيت سيرا,300171,3618,ps/30/301850,Beit Sira,0
416,Point,301660_1,ps/30,تابع الى مخيم دير عمار,301660,مخيم دير عمار2, ,0,ps/30/301660_1,Deir 'Ammar Camp2,0
417,Point,301630_1,ps/30, ,301630,الإتحاد,300201,0,ps/30/301630_1,Al Itehad,0
418,Point, ,ps/30, ,301472,بني زيد الغربية,300196,0,ps/30/,Bani Zeid Al Garbiya,0
419,Point,201205_1,ps/20, ,201205,العزب الغربي,114,0,ps/20/201205_1,Al Ezeb Al Gharbi,0
420,Point,351920_6,ps/35,تابعة إلى أريحا,351920,بوابة اريحا,350406,0,ps/35/351920_6,بوابة اريحا,0
421,Point,351920_7,ps/35,تابعة إلى أريحا,351920,شركة الهدى للمحروقات,350405,0,ps/35/351920_7,شركة الهدى للمحروقات,0
422,Point,301855,ps/30, ,301855,خربثا المصباح,300175,6888,ps/30/301855,Kharbatha al Misbah,0
423,Point,301890,ps/30, ,301890,الطيرة,300173,1628,ps/30/301890,At Tira,0
424,Point,301895,ps/30, ,301895,بيت لقيا,300176,10067,ps/30/301895,Beit Liqya,0
425,Point,351045,ps/35, ,351045,مرج نعجة,350217,887,ps/35/351045,Marj Na'ja,0
426,Point,351110,ps/35, ,351110,الزبيدات,350217,1799,ps/35/351110,Az Zubeidat,0
427,Point,351116,ps/35, ,351116,مرج الغزال,350217,260,ps/35/351116,Marj al Ghazal,0
428,Point,351140,ps/35,تشمل باسل كنعان,351140,الجفتلك,350209,3321,ps/35/351140,Al Jiftlik,0
429,Point,10095,ps/01, ,10095,كفر دان,110311,7111,ps/01/010095,Kafr Dan,-1142
430,Point,351510,ps/35, ,351510,فصايل,350208,1754,ps/35/351510,Fasayil,0
431,Point,351690,ps/35, ,351690,العوجا,350204,5596,ps/35/351690,Al 'Auja,0
432,Point,351840,ps/35, ,351840,النويعمة,61,1922,ps/35/351840,An Nuwei'ma,0
433,Point,351865,ps/35, ,351865,مخيم عين السلطان,61,4696,ps/35/351865,'Ein as Sultan Camp,0
434,Point,351920_1,ps/35,تابعة إلى أريحا,351920,عين الديوك التحتا,61,0,ps/35/351920_1,'Ein ad Duyuk at Tahta,0
435,Point,351920,ps/35,تشمل دير قرنطل و عين الديوك,351920,اريحا,61,22395,ps/35/351920,Jericho (Ariha),0
436,Point,351975,ps/35, ,351975,مخيم عقبة جبر,350206,9598,ps/35/351975,Aqbat Jaber Camp,0
437,Point,352075,ps/35, ,352075,النبي موسى,350207,368,ps/35/352075,An Nabi Musa,0
438,Point,401870,ps/40, ,401870,رافات,300170,3188,ps/40/401870,Rafat,0
439,Point,010060_2,ps/01,تابعة الى فقوعة,10060,برغشة,110380,0,ps/01/010060_2,Barghasha,0
440,Point,401875,ps/40, ,401875,كفر عقب,300170,14512,ps/40/401875,Kafr 'Aqab,0
441,Point,401885,ps/40, ,401885,مخماس,300170,1478,ps/40/401885,Mikhmas,0
442,Point,401900,ps/40, ,401900,مخيم قلنديا,300170,9036,ps/40/401900,Qalandiya Camp,0
443,Point,401945_1,ps/40,تابعة إلى الرام وضاحية البر,401945,جبع البدو,300170,0,ps/40/401945_1,Jaba' Badawi,0
444,Point,401915,ps/40, ,401915,قلنديا,300170,620,ps/40/401915,Qalandiya,0
445,Point,401930,ps/40, ,401930,بيت دقو,980354,1901,ps/40/401930,Beit Duqqu,0
446,Point,401935,ps/40, ,401935,جبع,300170,4250,ps/40/401935,Jaba',0
447,Point,401940,ps/40, ,401940,الجديرة,300170,2856,ps/40/401940,Al Judeira,0
448,Point,401945,ps/40, ,401945,الرام وضاحية البريد,300170,17140,ps/40/401945,Ar Ram & Dahiyat al Bareed,0
449,Point,401950,ps/40, ,401950,بيت عنان,980354,4563,ps/40/401950,Beit 'Anan,0
450,Point,10105,ps/01, ,10105,عبد الله اليونس,110312,181,ps/01/010105,Khirbet 'Abdallah al Yunis,-19
451,Point,401955,ps/40, ,401955,الجيب,980166,4479,ps/40/401955,Al Jib,0
452,Point,401960,ps/40, ,401960,بير نبالا,300170,6508,ps/40/401960,Bir Nabala,0
453,Point,401965,ps/40, ,401965,بيت اجزا,980354,926,ps/40/401965,Beit Ijza,0
454,Point,401980,ps/40, ,401980,القبيبة,980354,4201,ps/40/401980,Al Qubeiba,0
455,Point,401985,ps/40, ,401985,خرائب ام اللحم,980354,435,ps/40/401985,Kharayib Umm al Lahim,0
456,Point,401990,ps/40, ,401990,بيت حنينا,300170,14512,ps/40/401990,Beit Hanina,0
457,Point,10110,ps/01, ,10110,مشروع بيت قاد الشمالي,110382,461,ps/01/010110,Northern of Beit Qad Project,-429
458,Point,401995,ps/40, ,401995,بدو,980354,8921,ps/40/401995,Biddu,0
459,Point,402000,ps/40, ,402000,النبي صموئيل,980167,254,ps/40/402000,An Nabi Samwil,0
460,Point,402005,ps/40, ,402005,حزما,300170,7715,ps/40/402005,Hizma,0
461,Point,402010,ps/40, ,402010,بيت حنينا البلد,300170,1200,ps/40/402010,Beit Hanina al Balad,0
462,Point,402015,ps/40, ,402015,قطنة,980354,7567,ps/40/402015,Qatanna,0
463,Point,10120,ps/01,خربة الشيخ سعيد، خربة برطعة,10120,برطعة الشرقية,110312,5171,ps/01/010120,Barta'a ash Sharqiya,905
464,Point,402020,ps/40, ,402020,بيت سوريك,980354,4363,ps/40/402020,Beit Surik,0
465,Point,402025,ps/40, ,402025,بيت اكسا,980354,1922,ps/40/402025,Beit Iksa,0
466,Point,402030,ps/40, ,402030,مخيم شعفاط,128,14512,ps/40/402030,Shu'fat Camp,0
467,Point,402040,ps/40, ,402040,عناتا,980155,18338,ps/40/402040,'Anata,0
468,Point,402065,ps/40, ,402065,الزعيم,980168,6796,ps/40/402065,Az Za'ayyem,0
469,Point,402100,ps/40, ,402100,العيزرية,980153,22950,ps/40/402100,Al 'Eizariya,0
470,Point,10125,ps/01, ,10125,العرقة,110277,2878,ps/01/010125,Al 'Araqa,-423
471,Point,402120,ps/40, ,402120,ابو ديس,980154,13279,ps/40/402120,Abu Dis,0
472,Point,402125,ps/40, ,402125,عرب الجهالين(سلامات,980153,2012,ps/40/402125,'Arab al Jahalin,0
473,Point,402145,ps/40, ,402145,السواحرة الشرقية,980157,6725,ps/40/402145,As Sawahira ash Sharqiya,0
474,Point,402160,ps/40, ,402160,الشيخ سعد,980169,3009,ps/40/402160,Ash Sheikh Sa'd,0
475,Point,10140,ps/01,ام قابوب,10140,بيت قاد الجنوبي,110382,1660,ps/01/010140,Southren of Beit Qad,-316
476,Point,10145,ps/01, ,10145,طورة الغربية,110276,1136,ps/01/010145,Tura al Gharbiya,-123
477,Point,10150,ps/01, ,10150,طورة الشرقية,110276,252,ps/01/010150,Tura ash Sharqiya,-28
478,Point,10155,ps/01, ,10155,الهاشمية,110311,1408,ps/01/010155,Al Hashimiya,-208
479,Point,10165,ps/01,عرب الحمدون,10165,نزلة الشيخ زيد,110275,910,ps/01/010165,Nazlat ash Sheikh Zeid,-99
480,Point,10170,ps/01, ,10170,الطرم,110277,536,ps/01/010170,At Tarem,-99
481,Point,10180,ps/01,ضاحية صباح الخير وعرب السوي,10180,جنين,110254,53843,ps/01/010180,Jenin,-10066
482,Point,150875,ps/15, ,150875,بيت وزن,150228,1410,ps/15/150875,Beit Wazan,-11
483,Point,301860,ps/30, ,301860,بيت عور الفوقا,300174,1135,ps/30/301860,Beit 'Ur al Fauqa,0
484,Point,100645,ps/10, ,100645,طولكرم,112,69050,ps/10/100645,Tulkarm,372
485,Point,10115,ps/01, ,10115,ظهر المالح,110285,211,ps/01/010115,Dhaher al Malih,-24
486,Point,100635,ps/10, ,100635,مخيم طولكرم,112,10626,ps/10/100635,Tulkarm Camp,0
487,Point,150930,ps/15, ,150930,مخيم عسكر (القديم,150234,7022,ps/15/150930,'Askar Camp (al Qadeem),0
488,Point,301926,ps/30, ,301926,بيت نوبا,300372,0,ps/30/301926,Beit Nuba,0
489,Point,402150,ps/40, ,402150,شرفات,128,14512,ps/40/402150,Sharafat,0
490,Point,301775,ps/30,تشمل بدو المعرجات و مليحات,301775,بدو المعرجات,300198,899,ps/30/301775,Badiw al Mu'arrajat,0
491,Point,010165_1,ps/01,تابعة الى نزلة الشيخ زيد,10165,الحمدون,110275,0,ps/01/010165_1,'Arab al Hamdun,0
492,Point,351920_2,ps/35,تابعة إلى أريحا,351920,دير قرنطل,61,0,ps/35/351920_2,Deir Quruntul,0
493,Point,351970,ps/35, ,351970,دير القلط,61,10,ps/35/351970,Deir al Qilt,0
494,Point,352021,ps/35, ,352021,دير حجلة,61,0,ps/35/352021,Deir Hajla,0
495,Point,402035,ps/40, ,402035,شعفاط,128,14512,ps/40/402035,Shu'fat,0
496,Point,402045,ps/40, ,402045,الكعابنة(تجمع بودي,125,930,ps/40/402045,Al Khaabni(Bedouin community),0
497,Point,402050,ps/40, ,402050,العيسوية,128,14512,ps/40/402050,Al 'Isawiya,0
498,Point,402055,ps/40, ,402055,شيخ جراح,128,14512,ps/40/402055,Sheikh Jarrah,0
499,Point,402060,ps/40, ,402060,وادي الجوز,128,14512,ps/40/402060,Wadi al Joz,0
500,Point,402085,ps/40, ,402085,الطور(جبل الزيتون,128,14512,ps/40/402085,At Tur,0
501,Point,402090,ps/40, ,402090,القدس(بيت المقدس,128,14512,ps/40/402090,Jerusalem,0
502,Point,402115,ps/40, ,402115,الثوري,128,14512,ps/40/402115,Ath Thuri,0
503,Point,402130,ps/40, ,402130,جبل المكبر,128,14512,ps/40/402130,Jabal al Mukabbir,0
504,Point,402135,ps/40, ,402135,السواحرة الغربية,128,14512,ps/40/402135,As Sawahira al Gharbiya,0
505,Point,402140,ps/40, ,402140,بيت صفافا,128,14512,ps/40/402140,Beit Safafa,0
506,Point,402155,ps/40, ,402155,صور باهر,980156,14512,ps/40/402155,Sur Bahir,0
507,Point,402165,ps/40, ,402165,ام طوبا,980156,14512,ps/40/402165,Umm Tuba,0
508,Point,010120_1,ps/01,تابعة الى برطعة الشرقية,10120,الشيخ سعيد,110312,0,ps/01/010120_1,Khirbet ash Sheikh Sa'eed,-38
509,Point,10135,ps/01, ,10135,الجميلات,110382,55,ps/01/010135,Al Jameelat,-565
510,Point,010140_1,ps/01,تابعة الى بيت قاد الجنوبي,10140,ام قابوب,110382,0,ps/01/010140_1,Umm Qabub,0
511,Point,10175,ps/01, ,10175,المنطار الغربية,110312,55,ps/01/010175,Khirbet al Muntar al Gharbiya,0
512,Point,100645_2,ps/10,تابعة الى طولكرم,100645,ذنابة,112,0,ps/10/100645_2,Dhinnaba,0
513,Point,010245_1,ps/01,تابعة الى زبدة,10245,قيقس او القصور,77,0,ps/01/010245_1,Qeiqis,-36
514,Point,010210_1,ps/01,تابعة الى كفر قود,10210,المنشية,110311,0,ps/01/010210_1,Al Manshiya,0
515,Point,150920_1,ps/15,تابعة إلى نابلس,150920,الجنيد,150234,0,ps/15/150920_1,Al Juneid,0
516,Point,100645_1,ps/10,تابعة الى طولكرم,100645,شويكة,112,0,ps/10/100645_1,Shwaiki,0
517,Point,301695_1,ps/30,تابعة إلى المزرعة القبلية,301695,الزيتونة,300170,0,ps/30/301695_1,Al Zaitounah,0
518,Point,100555,ps/10, ,100555,المسقوفة,112,169,ps/10/100555,Al Masqufah,0
519,Point,100645_6,ps/10,تابعة الى طولكرم,100645,الجراد,112,0,ps/10/100645_6,Izbat Al Jarad,0
520,Point,010120_2,ps/01,تابعة الى برطعة الشرقية,10120,خربة برطعة,110312,0,ps/01/010120_2,Kherbet Bartah,-30
521,Point,301830,ps/30, ,301830,مخيم الامعري,300170,5112,ps/30/301830,Alamm'are Camp,0
522,Point,201116,ps/20, ,201116,عرب الخوله,75,53,ps/20/201116,Arab Al Kouleh,0
523,Point,402110,ps/40, ,402110,سلوان,128,14512,ps/40/402110,Silwan,0
524,Point,401945_2,ps/40, ,401945,ضاحية البريد,300170,0,ps/40/401945_2,Al Barid,0
525,Point,100545_1,ps/10,تابعة الى الجاروشية,100545,عزبة ال ياسين,112,0,ps/10/100545_1,Izbet Yaseen,0
526,Point,100645_5,ps/10,تابعة الى طولكرم,100645,عزبة ناصر,112,0,ps/10/100645_5,Izbet Naser,0
527,Point,100645_3,ps/10,تابعة الى طولكرم,100645,ارتاح,112,0,ps/10/100645_3,Irtah,0
528,Point,301472,ps/30, ,301472,دير غسانة - بني زيد الغربية,300196,1832,ps/30/301472,Deir Ghassani-Bani Zeid Al Garbiya,0
529,Point,301471,ps/30, ,301471,بيت ريما - بني زيد الغربية,300196,4691,ps/30/301471,Beit Rema-Bani Zeid Al Garbiya,0
530,Point,351845,ps/35, ,351845,عين الديوك الفوقا,61,949,ps/35/351845,Ein al Doyouk Al Foqa,0
531,Point,301636,ps/30, ,301636, الدوحة,300170,227,ps/30/301636,Ad Doha,0
532,Point,050871_2,ps/05,تابعة الى الحديدية,50871,خربة حمصة,190356,0,ps/05/050871_2,Kerbet Hamsa,0
533,Point,351510_1,ps/35, ,351510,فصايل الفوقا,350208,0,ps/35/351510_1,Fasayil Al Fouqa,0
534,Point,351690_1,ps/35, ,351690,بدو الكعابنة,350204,0,ps/35/351690_1,Bado Al Kaabnieh,0
535,Point,301775_2,ps/30,تابعة إلى بدوالمعرجات,301775,عرب المليحات,300198,0,ps/30/301775_2,Arab al Moulihat,0
536,Point,351845_1,ps/35,تابعة إلى عين اليوك الفوقا,351845,بدو الرشايدة,61,0,ps/35/351845_1,Bado al Rashydieh,0
537,Point,50614,ps/05, ,50614,عين الحلوة,360100,55,ps/05/050614,Al Hilwah,0
538,Point,050580_1,ps/05,تابعة الى المالح,50580,الميتة,360100,0,ps/05/050580_1,Al Maytah,0
539,Point,50871,ps/05,خربة حمصة  والبقاع الشرقية,50871,الحديدية,190356,199,ps/05/050871,Al Hadydiah,0
540,Point,050871_1,ps/05,تابعة الى الحديدية,50871,البقاع الشرقية,190356,0,ps/05/050871_1,Al Biqaa Asharqiya,0
541,Point,100845_1,ps/10,وهمية  - تضم كفر صور وكفر جما,100845,بلدية الكفريات, ,0,ps/10/100845_1,Al kufreeat  Municipality,0
542,Point,301546,ps/30, ,301546,روابي,-1,769,ps/30/301546,Rawabi,0
543,Point,010340_2,ps/01,تابعة الى قباطية,10340,قرية حداد السياحية,110324,0,ps/01/010340_2,Haddad Tourist Village,0
544,Point,010460_1,ps/01,تابعة إلى الزاوية,10460,فيصل - لطفي الوزني,110268,0,ps/01/010460_1,Faisal - Lotfi ALwazni,0
545,Point,010500_1,ps/01,تابعة إلى عجة,10500,الشركة العمرية,110335,0,ps/01/010500_1,Al Omareyia Co,0
546,Point,010515_1,ps/01,تابعة إلى الرامة,10515,شركة دواجن السلطان,110326,0,ps/01/010515_1,As Sultan Chicken Co.,0
547,Point,010585_1,ps/01,تابعة إلى العصاعصة,10585,محطة محروقات صانور,110286,0,ps/01/010585_1,Sanur fuel station,0
548,Point,503320_3,ps/50,تابعة الى السموع,503320,شعب الغدير,500004,0,ps/50/503320_3,Shoaab AL Ghadeer,0
549,Point,010340_3,ps/01,تابعة الى قباطية,10340,مستنبت قباطية,110292,0,ps/01/010340_3,Mustanbat Qabatiya,0
550,Point,150920_2,ps/15,تابعة إلى نابلس,150920,توفيق عمران -السامرية,150243,0,ps/15/150920_2,Tawfik Omran-Al Sameria,0
551,Point,301775_1,ps/30,تابعة إلى بدو المعرجات,301775,مليحات,300198,0,ps/30/301775_1, Al Moulihat,0
552,Point,151030_1,ps/15,تابعة إلى فروش بيت دجن,151030,سمير عبد الجليل,350211,0,ps/15/151030_1,Sameer Abed Al Jaleel,0
553,Point,351140_1,ps/35,تابعة إلى الجفتلك,351140,باسل كنعان,150240,0,ps/35/351140_1,Basel Kanaan,0
554,Point,010245_3,ps/01,تابعة إلى زبدة,10245,خربة مسعود,77,0,ps/01/010245_3,Kherbit Mas 'oud,0
555,Point,010180_2,ps/01,تابعة الى مدينة جنين,10180,ضاحية صباح الخير,110254,0,ps/01/010180_2,Dahiyat Sabah al Kheir,0
556,Point,10286,ps/01, ,10286,فراسين,110277,54,ps/01/010286,Firasin,-6
557,Point,10287,ps/01, ,10287,خربة الحمام,110277,52,ps/01/010287,Kherbet Al Hamam,0
558,Point,050871_3,ps/05,تابعة الى الحديدية,50871,خربة سمرة,190356,0,ps/05/050871_3,Kerbet samara,0
559,Point,050871_4,ps/05,تابعة الى الحديدية,50871,خلة مكحول,190356,0,ps/05/050871_4,Khalet Makhool,0
560,Point,150931,ps/15, ,150931,مخيم عسكر (الجديد,150234,5122,ps/15/150931,Askar Camp (al Jadeed),0
561,Point,301928,ps/30, ,301928,عمواس,300372,0,ps/30/301928,Imwas,0
562,Point,301927,ps/30, ,301927,يالو,300372,0,ps/30/301927,Yalu,0
563,Point,402070,ps/40, ,402070,باب الساهرة,128,14512,ps/40/402070,Bab as Sahira,0
564,Point,402080,ps/40, ,402080,الصوانة,128,14512,ps/40/402080,As Suwwana,0
565,Point,402095,ps/40, ,402095,الشياح,128,14512,ps/40/402095,Ash SHayyah,0
566,Point,402105,ps/40, ,402105,راس العامود,128,14512,ps/40/402105,Ras al 'Amud,0
567,Point,502830,ps/50,تشمل المعزة وإملاالرقم وال,502830,مسافر بني نعيم (خَلِّةْ المسافر),500362,622,ps/50/502830,MasaferBani Na'im (Khallet AlMasafer),0
568,Point,100915,ps/10, ,100915,كفر عبوش,120,1861,ps/10/100915,Kafr 'Aboush,0
569,Point,100915_1,ps/10,تابعة الى كفر عبوش,100915,عزبة ابو حمادة,120,0,ps/10/100915_1,izbet Abu Hamada,0
570,Point,503217,ps/50, ,503217,مجد الباع,500009,136,ps/50/503217,Majd AlBa',0
571,Point,301825_1,ps/30,تابعة الى بيتونيا,301825,خربة كفر شيان,300170,0,ps/30/301825_1,Khrbit Kefer Sheian,0
572,Point,150810_1,ps/15,تابعة الى دير شرف,150810,عرب دعيس,150239,0,ps/15/150810_1,Arab daaes,0
573,Point,251295,ps/25, ,251295,دار أبو كايد,250130,0,ps/25/251295, Abu Kaed's House,0
574,Point,251310_1,ps/25, ,251310,دار أبو بصل,250129,0,ps/25/251310_1,Abu Basal House,0
575,Point,502810_1,ps/50,تابعة الى دار سامت,502810,السيمياء,500350,0,ps/50/502810_1,Al Semia',0
576,Point,502830_1,ps/50,تابعة الى مسافر بني نعيم,502830,المعزة,500362,0,ps/50/502830_1,Al Ma'aza,0
577,Point,503830_2,ps/50,تابعة الى مسافر بني نعيم,502830,تابعة الى مسافر بني نعيم,500362,0,ps/50/503830_2,تابعة الى مسافر بني نعيم,0
578,Point,502830_3,ps/50,تابعة الى مسافر بني نعيم,502830,السهل,500362,0,ps/50/502830_3,Al Sahel,0
579,Point,502830_4,ps/50,تابعة الى مسافر بني نعيم,502830,الكولا,500362,0,ps/50/502830_4,Al Kola,0
580,Point,503090_1,ps/50,تابعة الى بيت الروش الفوقا,503090,جوى,500060,0,ps/50/503090_1,Jawa,0
581,Point,503211_1,ps/50,تابعة الى سدة الثعلة,503211,الثعلة,500395,0,ps/50/503211_1,Al Tha'ala,0
582,Point,503215_5,ps/50,تابعة الى الكرمل,503215,خيروشيويش,500010,0,ps/50/503215_5,Kheroshewesh,0
583,Point,503320_4,ps/50,تابعة الى السموع,503320,بئر العقبة,500004,0,ps/50/503320_4,Alaqqaba Well,0
584,Point,503320_3,ps/50,تابعة الى السموع,503320,شعب الغدير,500004,0,ps/50/503320_3,Shoaab AL Ghadeer,0
585,Point,503360_3,ps/50,تابعة إلى خربة بير العد,503360,بير الغوانمة,450347,0,ps/50/503360_3,Al Ghawanmi Well,0
586,Point,503360_2,ps/50,تابعة إلى خربة بير العد,503360,التوامين,450347,0,ps/50/503360_2,Al Tawameen,0
587,Point,452385_8,ps/45,تابعة إلى جناتا,452385,مدرسة بنات فرحات,450071,0,ps/45/452385_8,Farhat Girls School,0
588,Point,452385_7,ps/45,تابعة إلى جناتا,452385,لجنة مشاريع رفيدا,450073,0,ps/45/452385_7,Rafidia Projects' Committee,0
589,Point,452385_9,ps/45,تابعة الى جناتا,452385,هيروديون الاثار بيت ايل,450297,0,ps/45/452385_9,Heridion Beit Eel,0
590,Point,452660_3,ps/45,تابعة إلى عرب الرشايدة,452660,م خ ريف شرق بيت لحم صهاريج,450348,0,ps/45/452660_3,Services Center of the eastren villiges of Bethlehem-Tanks,0
591,Point,452280_4,ps/45,تابعة إلى هندازة و بريضعة,452280,لجنة مياه عرب ابو فارس,450100,0,ps/45/452280_4,Arab Abu Fares' Water Committee,0
592,Point,452335_1,ps/45,تابعة الى بيت تعمر,452335,علي ابراهيم حسين الوحش,450107,0,ps/45/452335_1,Ali Ibrahim Hussein Al-Wahsh,0
593,Point,452210_1,ps/45,تابعة الى بيت جالا,452210,دير كريمزان,450098,0,ps/45/452210_1,Dir Krimzan,0
594,Point,452520_1,ps/45,تابع الى خربة تقوع,452520,راشد شلالدة,450076,0,ps/45/452520_1,Rashed Shalaldah,0
595,Point,452465_3,ps/45,تابعة الى خلة عفانة,452465,عبد العزيز ديرية - منشار الهلال,450333,0,ps/45/452465_3,Abdul Azir Direh - Al hilal Stone cutting,0
596,Point,452465_2,ps/45,تابعة الى خلة عفانة,452465,علي محمد خليل,450085,0,ps/45/452465_2,Ali Mohamed Khalil,0
597,Point,452465_1,ps/45,تابعة الى خلة عفانة,452465,بشير الصراص,450083,0,ps/45/452465_1,Bashir Al Siras,0
598,Point,301895_1,ps/30,تابعة الى بيت لقيا,301895,مجلس قروي حي الكرامة,300372,0,ps/30/301895_1,Al Karama Neighborhood Village Council,0
599,Point,301715_1,ps/30, ,301715,محطة وقود الخواجا,300177,0,ps/30/301715_1,Al Khawaja fuel station,0
600,Point,502540_5,ps/50,تابعة إلى بيت أمر,502540,محطة العروب الزراعية,500015,0,ps/50/502540_5,Al Oroub Agricultural Station,0
601,Point,502960_1,ps/50,تابعة الى الريحية,502960,محمد عامر ابو عرام,500007,0,ps/50/502960_1,Mohammed Amer Abu 'Aram,0
602,Point,452225_6,ps/45,تابعة إلى دار صلاح,452225,م خ ريف شرق بيت لحم صهاريج,450064,0,ps/45/452225_6, Services Center of the eastren villiges of Bethlehem-Tanks,0
603,Point,351840_3,ps/35,تابعة إلى النويعمة,351840,محمد سليمان صال ابو داهودك,350368,0,ps/35/351840_3,Mohamed Soliman Sale Abu Dahoudak,0
604,Point,351920_4,ps/35,تابعة إلى أريحا,351920,سليمان عبدالله خلايفة,300197,0,ps/35/351920_4,Sliman Abdullah Khalayfeh,0
605,Point,351975_1,ps/35, ,351975,لجنة مشاريع عقبة جبر,350206,0,ps/35/351975_1,Aqbat Jaber  Projects' Committee,0
606,Point,351920_5,ps/35,تابعة إلى أريحا,351920,ووتر لاند المدينة السياحية,350367,0,ps/35/351920_5,Waterland The tourist city,0
607,Point,351690_2,ps/35, ,351690,عيد أحمد فزاع الكعابنة,300199,0,ps/35/351690_2,Eid Ahmed Fazza Al-Kaabneh,0
608,Point,502530_1,ps/50, ,502530,مدرسة العروب,500014,0,ps/50/502530_1,Al 'Arrub School,0
609,Point,503320_6,ps/50,تابعة إلى السموع,503320,ابراهيم رواشدة,500003,0,ps/50/503320_6,Ibraheem Rawashda,0
610,Point,503320_5,ps/50,تابعة إلى السموع,503320,حسن رواشدة,500002,0,ps/50/503320_5,Hasan Rawashdah,0
611,Point,502778_3,ps/50, ,502778,اسماعيل عصفور,500001,0,ps/50/502778_3,Ismail Asfour,0
612,Point,502778_2,ps/50, ,502778,محمد شفيق جويحان,500001,0,ps/50/502778_2,Mohammed Shafiq Joyehan,0
613,Point,502640_4,ps/50,تابعة إلى ترقوميا,502640,شركة مجموعة السلام الاستثمارية,500349,0,ps/50/502640_4,Al Salam Investment Group,0
614,Point,502780_2,ps/50,تابعة إلى الخليل,502780,تنكات تفوح بيت كاحل,500061,0,ps/50/502780_2,Tafooh Beit Kaheel Tankes,0
615,Point,502630_25,ps/50,تابعة إلى حلحول,502630,تنكات الدائرة حلحول,500337,0,ps/50/502630_25,Halhoul  Circle Tankes,0
616,Point,151325_1,ps/15, ,151325,م خ للتخطيط والتطوير ج ش نابلس,150330,0,ps/15/151325_1,Development and Planning Services Center of Eastern Nablus,0
617,Point,010500_2,ps/01,تابعة الى عجة,10500,م خدمات ادارة النفايات الصلبة,110303,0,ps/01/010500_2,Joint Services Council for Soild Waste,0
618,Point,351920_3,ps/35,تابعة إلى أريحا,351920,كازينة اريحا,350216,0,ps/35/351920_3,Jericho Casino,0
619,Point,351840_2,ps/35,تابعة الى النويعمة,351840,شركة المشروبات الوطنية,350219,0,ps/35/351840_2,The National Beverage's Company,0
620,Point,010305_1,ps/01,تابعة الى جلقموس,10305,شركة سقا وخضري م م مقولات عامة,300331,0,ps/01/010305_1,Al Saqa & khudari Co.,0
621,Point,10310,ps/01, ,10310,المغير,110262,3505,ps/01/010310,Al Mughayyir,-810
622,Point,10315,ps/01, ,10315,المطلة,110262,345,ps/01/010315,Al Mutilla,-80
623,Point,10320,ps/01, ,10320,بير الباشا,110308,1861,ps/01/010320,Bir al Basha,-282
624,Point,10335,ps/01, ,10335,الحفيرة عرابة,110279,55,ps/01/010335,Al Hafira,0
625,Point,10340,ps/01,تشمل خربة سبعين,10340,قباطية,110329,26366,ps/01/010340,Qabatiya,-6090
626,Point,10370,ps/01, ,10370,عرابة,110279,12384,ps/01/010370,Arraba,-1880
627,Point,10385,ps/01, ,10385,تلفيت - جنين,110256,474,ps/01/010385,Telfit,-110
628,Point,10395,ps/01, ,10395,مركة,110267,2377,ps/01/010395,Mirka,-361
629,Point,10400,ps/01, ,10400,وادي دعوق,110279,184,ps/01/010400,Wadi Du'oq,-28
630,Point,10401,ps/01, ,10401,فحمة الجديدة,110273,419,ps/01/010401,Fahma al Jadida,-64
631,Point,10405,ps/01,خربة مراح الرهى، خربة خروبة,10405,رابا,110323,4224,ps/01/010405,Raba,-976
632,Point,10410,ps/01, ,10410,المنصورة,110279,240,ps/01/010410,Al Mansura,-38
633,Point,10415,ps/01, ,10415,مسلية,110353,3111,ps/01/010415,Misliya,-615
634,Point,10430,ps/01, ,10430,الجربا,110353,55,ps/01/010430,Al Jarba,-11
635,Point,10435,ps/01, ,10435,الزبابدة,110263,4598,ps/01/010435,Al Zababida,-1062
636,Point,10445,ps/01, ,10445,فحمة,110273,3445,ps/01/010445,Fahma,-64
637,Point,10460,ps/01, ,10460,الزاوية - جنين,110269,1086,ps/01/010460,Az Zawiya - Jenin,-171
638,Point,10465,ps/01, ,10465,كفر راعي,110273,9139,ps/01/010465,Kafr Ra'i,-1337
639,Point,10485,ps/01, ,10485,الكفير,110334,55,ps/01/010485,Al Kufeir,0
640,Point,10495,ps/01,خربة الهيش,10495,صير,110353,925,ps/01/010495,Sir,-183
641,Point,10500,ps/01, ,10500,عجة,110271,6648,ps/01/010500,'Ajja,-1050
642,Point,10505,ps/01, ,10505,عنزة,110270,2092,ps/01/010505,'Anza,-330
643,Point,10510,ps/01, ,10510,صانور,110283,5434,ps/01/010510,Sanur,-1074
644,Point,10515,ps/01, ,10515,الرامة,110272,1319,ps/01/010515,Ar Rama,-193
645,Point,10520,ps/01, ,10520,ميثلون,110353,8977,ps/01/010520,Meithalun,-1774
646,Point,10565,ps/01, ,10565,الجديدة,110353,6420,ps/01/010565,Al Jadida,-1269
647,Point,10585,ps/01, ,10585,العصاعصة,110291,616,ps/01/010585,al 'Asa'asa,0
648,Point,10590,ps/01, ,10590,العطارة,110370,1343,ps/01/010590,Al 'Attara,0
649,Point,10600,ps/01, ,10600,سيريس,110353,6496,ps/01/010600,Siris,-1284
650,Point,10605,ps/01, ,10605,جبع - جنين,110280,11234,ps/01/010605,Jaba' - Jenin,-2220
651,Point,10615,ps/01, ,10615,الفندقومية,110282,4602,ps/01/010615,Al Fandaqumiya,-727
652,Point,10005,ps/01, ,10005,زبوبة,110311,2506,ps/01/010005,Zububa,-529
653,Point,10625,ps/01, ,10625,سيلة الظهر,110281,7990,ps/01/010625,Silat adh Dhahr,-1262
654,Point,50420,ps/05, ,50420,بردلة,360100,1741,ps/05/050420,Bardala,0
655,Point,50450,ps/05, ,50450,عين البيضا,360100,1233,ps/05/050450,'Ein el Beida,0
656,Point,50455,ps/05, ,50455,كردلة,360100,220,ps/05/050455,Kardala,0
657,Point,50525,ps/05, ,50525,سلحب,190356,27,ps/05/050525,Salhab,0
658,Point,50535,ps/05, ,50535,عقابة,190356,8924,ps/05/050535,'Aqqaba,-85
659,Point,50550,ps/05, ,50550,تياسير,190356,3118,ps/05/050550,Tayasir,-671
660,Point,10010,ps/01, ,10010,رمانة,110311,3924,ps/01/010010,Rummana,-828
661,Point,50560,ps/05, ,50560,العقبة,190356,183,ps/05/050560,Al 'Aqaba,0
662,Point,050610_1,ps/05,تابعة الى طوباس,50610,الثغرة,190356,0,ps/05/050610_1,Ath Thaghra,0
663,Point,50610,ps/05,تشمل الثغرة,50610,طوباس,190356,23212,ps/05/050610,Tubas,-11691
664,Point,50650,ps/05, ,50650,كشدة,190356,55,ps/05/050650,Kashda,0
665,Point,50656,ps/05, ,50656,يرزة,190356,55,ps/05/050656,Khirbet Yarza,0
666,Point,50670,ps/05, ,50670,راس الفارعة,150234,1354,ps/05/050670,Ras al Far'a,0
667,Point,50700,ps/05, ,50700,مخيم الفارعة,142,6093,ps/05/050700,El Far'a Camp,147
668,Point,50740,ps/05, ,50740,وادي الفارعة,150234,4331,ps/05/050740,Wadi al Far'a,-483
669,Point,50755,ps/05, ,50755,طمون,190356,14208,ps/05/050755,Tammun,-3055
670,Point,50790,ps/05, ,50790,عاطوف,190356,235,ps/05/050790,Khirbet 'Atuf,0
671,Point,100250,ps/10, ,100250,عكابة,77,360,ps/10/100250,'Akkaba,-50
672,Point,100290,ps/10, ,100290,قفين,77,11439,ps/10/100290,Qaffin,-1566
673,Point,100330,ps/10, ,100330,نزلة عيسى,127,2464,ps/10/100330,Nazlat 'Isa,-132
674,Point,100345,ps/10, ,100345,النزلة الشرقية,127,1738,ps/10/100345,An Nazla ash Sharqiya,-272
675,Point,100350,ps/10,تشمل نزلة أبو نار,100350,باقة الشرقية,127,5235,ps/10/100350,Baqa ash Sharqiya,-788
676,Point,10015,ps/01, ,10015,تعنك,110311,1401,ps/01/010015,Ti'innik,-296
677,Point,100355,ps/10, ,100355,النزلة الوسطى,127,468,ps/10/100355,An Nazla al Wusta,-74
678,Point,100380,ps/10, ,100380,النزلة الغربية,127,1188,ps/10/100380,An Nazla al Gharbiya,1090
679,Point,100425,ps/10, ,100425,زيتا,71,3294,ps/10/100425,Zeita,-438
680,Point,100440,ps/10, ,100440,صيدا,71,4042,ps/10/100440,Seida,-538
681,Point,100475,ps/10, ,100475,علار,71,7979,ps/10/100475,'Illar,-1061
682,Point,100480,ps/10, ,100480,عتيل,73,11093,ps/10/100480,'Attil,-850
683,Point,100530,ps/10, ,100530,دير الغصون,79,10633,ps/10/100530,Deir al Ghusun,-665
684,Point,100545,ps/10,تشمل عزبة ال ياسين,100545,الجاروشية,112,1266,ps/10/100545,Al Jarushiya,0
685,Point,10020,ps/01, ,10020,الطيبة - جنين,110311,2390,ps/01/010020,At Tayba - Jenin,-504
686,Point,100570,ps/10, ,100570,بلعا,78,8370,ps/10/100570,Bal'a,292
687,Point,100595,ps/10, ,100595,اكتابا,112,3208,ps/10/100595,Iktaba,508
688,Point,100620,ps/10, ,100620,مخيم نورشمس,112,6873,ps/10/100620,Nur Shams Camp,0
689,Point,100665,ps/10,تشمل كفر رمان,100665,عنبتا,82,8643,ps/10/100665,'Anabta,1809
690,Point,100690,ps/10, ,100690,كفر اللبد,117,5080,ps/10/100690,Kafr al Labad,-821
691,Point,100710,ps/10, ,100710,كفا,112,887,ps/10/100710,Kafa,0
692,Point,10025,ps/01, ,10025,عربونة,110384,1106,ps/01/010025,'Arabbuna,-210
693,Point,100715,ps/10, ,100715,الحفاصي,117,227,ps/10/100715,Al Hafasa,-37
694,Point,100730,ps/10, ,100730,رامين,82,2139,ps/10/100730,Ramin,1275
695,Point,100735,ps/10, ,100735,فرعون,112,4421,ps/10/100735,Far'un,-321
696,Point,100760,ps/10, ,100760,شوفة,126,1445,ps/10/100760,Shufa,44
697,Point,100780,ps/10, ,100780,خربة جبارة,100294,335,ps/10/100780,Khirbet Jubara,0
698,Point,100795,ps/10, ,100795,سفارين,118,808,ps/10/100795,Saffarin,0
699,Point,100800,ps/10, ,100800,بيت ليد,100293,5999,ps/10/100800,Beit Lid,0
700,Point,100815,ps/10, ,100815,الراس-بلدية الكفريات,100294,696,ps/10/100815,Al Ras-Al kufreeat  Municipality,0
701,Point,10030,ps/01, ,10030,الجلمة,110284,2448,ps/01/010030,Al Jalama,-466
702,Point,100845,ps/10, ,100845,كفر صور-بلدية الكفريات,100294,1378,ps/10/100845,Kafr Sur-Al kufreeat  Municipality,-224
703,Point,100870,ps/10, ,100870,كور,119,313,ps/10/100870,Kur,-46
704,Point,100895,ps/10, ,100895,كفر زيباد,120,1305,ps/10/100895,Kafr Zibad,654
705,Point,100900,ps/10, ,100900,كفر جمال-بلدية الكفريات,100396,3055,ps/10/100900,Kafr Jammal-Al kufreeat  Municipality,-206
706,Point,150660,ps/15, ,150660,بزارية,150246,3002,ps/15/150660,Bizzariya,-22
707,Point,150680,ps/15,تشمل المسعودية,150680,برقة,150229,4461,ps/15/150680,Burqa,0
708,Point,150695,ps/15, ,150695,ياصيد,150234,2691,ps/15/150695,Yasid,0
709,Point,150705,ps/15, ,150705,بيت امرين,150373,3570,ps/15/150705,Beit Imrin,0
710,Point,150745,ps/15, ,150745,نصف جبيل,150386,507,ps/15/150745,Nisf Jubeil,0
711,Point,150765,ps/15, ,150765,سبسطية,150253,3443,ps/15/150765,Sabastiya,0
712,Point,150770,ps/15, ,150770,اجنسنيا,150374,629,ps/15/150770,Ijnisinya,0
713,Point,150775,ps/15, ,150775,طلوزة,150234,3003,ps/15/150775,Talluza,-616
714,Point,150785,ps/15, ,150785,الناقورة,150306,1919,ps/15/150785,An Naqura,-14
715,Point,150805,ps/15, ,150805,الباذان,150234,3407,ps/15/150805,Al Badhan,-699
716,Point,150810,ps/15,تشمل عرب دعيس,150810,ديرشرف,150239,3169,ps/15/150810,Deir Sharaf,-690
717,Point,150820,ps/15, ,150820,عصيرة الشمالية,150234,9467,ps/15/150820,'Asira ash Shamaliya,-1942
718,Point,150825,ps/15, ,150825,النصارية,150234,2030,ps/15/150825,An Nassariya,0
719,Point,150835,ps/15, ,150835,زواتا,150234,2726,ps/15/150835,Zawata,-594
720,Point,150480,ps/15,تشمل خربة تل الغار,150480,العقربانية,85,1009,ps/15/150480,Al 'Aqrabaniya,0
721,Point,150855,ps/15, ,150855,قوصين,150231,2419,ps/15/150855,Qusin,0
722,Point,150860,ps/15, ,150860,بيت ايبا,150239,4382,ps/15/150860,Beit Iba,-32
723,Point,150865,ps/15,تشمل شحدة وهملان,150865,بيت حسن,111,1718,ps/15/150865,Beit Hasan,599
724,Point,150880,ps/15, ,150880,مخيم عين بيت الماء,150234,3855,ps/15/150880,'Ein Beit el Ma Camp,0
725,Point,150885,ps/15, ,150885,عين شبلي,84,337,ps/15/150885,'Ein Shibli,0
726,Point,150910,ps/15, ,150910,عزموط,150244,3696,ps/15/150910,'Azmut,-395
727,Point,150920,ps/15,تشمل الجنيد و توفيق عمران,150920,نابلس,150234,168548,ps/15/150920,Nablus,-17445
728,Point,150935,ps/15, ,150935,دير الحطب,150225,3049,ps/15/150935,Deir al Hatab,-327
729,Point,10205,ps/01, ,10205,المنطار الشرقية,110312,55,ps/01/010205,Khirbet al Muntar ash Sharqiya,-6
730,Point,10235,ps/01, ,10235,وادي الضبع,110254,616,ps/01/010235,Wad ad Dabi',0
731,Point,010180_1,ps/01,تابعة الى مدينة جنين,10180,السويطات,110254,0,ps/01/010180_1,'Arab as Suweitat,0
732,Point,010340_1,ps/01,تابعة الى قباطية,10340,سبعين,110329,0,ps/01/010340_1,Khirbet Sab'ein,0
733,Point,10325,ps/01, ,10325,تنين,110256,177,ps/01/010325,Tannin,-41
734,Point,10365,ps/01, ,10365,الضمايرة,110279,266,ps/01/010365,Ad Damayra,0
735,Point,010405_2,ps/01,تابعة الى رابا,10405,مراح الرهى,110323,0,ps/01/010405_2,Khirbet Marah ar Raha,0
736,Point,010405_1,ps/01,تابعة الى رابا,10405,خروبة,110323,0,ps/01/010405_1,Khirbet Kharruba,0
737,Point,010495_1,ps/01,تابعة الى صير,10495,منطقة الهيش,110353,0,ps/01/010495_1,Mantiqat al Heish,0
738,Point,50470,ps/05, ,50470,تل الحمة,360100,53,ps/05/050470,Khirbet Tell El Himma,0
739,Point,50490,ps/05, ,50490,ابزيق,190356,141,ps/05/050490,Ibziq,0
740,Point,50551,ps/05, ,50551,الفارسية,360100,128,ps/05/050551,Al Farisiya,0
741,Point,50580,ps/05,تشمل الميته,50580, المالح,360100,384,ps/05/050580,Al Malih,0
742,Point,50720,ps/05, ,50720,الراس الاحمر,190356,55,ps/05/050720,Khirbet ar Ras al Ahmar,0
743,Point,100350_1,ps/10,تابعة الى باقة الشرقية,100350,نزلة ابو نار,127,0,ps/10/100350_1,Nazlat Abu Nar,0
744,Point,100665_1,ps/10,تابعة الى عنبتا,100665,كفر رمان,82,0,ps/10/100665_1,Kafr Rumman,0
745,Point,100655,ps/10, ,100655,عزبة ابو خميش,117,60,ps/10/100655,'Izbat Abu Khameis,0
746,Point,100645_4,ps/10,تابعة الى طولكرم,100645,الطياح,112,0,ps/10/100645_4,Khirbet at Tayyah,0
747,Point,100685,ps/10, ,100685,عزبة الخلال,117,150,ps/10/100685,'Izbat al Khilal,0
748,Point,100725,ps/10, ,100725,عزبة شوفة,126,1559,ps/10/100725,'Izbat Shufa,-19
749,Point,150680_1,ps/15,تابعة إلى برقة,150680,المسعودية,150229,0,ps/15/150680_1,Al Mas'udiya,0
750,Point,150480_1,ps/15,تابعة الى العقربانية,150480,تل الغار,85,0,ps/15/150480_1,Kirbet Tall al Ghar,0
751,Point,150950,ps/15, ,150950,صرة,150247,3635,ps/15/150950,Sarra,-26
752,Point,150955,ps/15, ,150955,سالم,150226,6732,ps/15/150955,Salim,-720
753,Point,150960,ps/15, ,150960,مخيم بلاطه,150234,15721,ps/15/150960,Balata Camp,0
754,Point,150975,ps/15, ,150975,عراق بورين,150375,1083,ps/15/150975,'Iraq Burin,0
755,Point,150990,ps/15, ,150990,تل,150360,5545,ps/15/150990,Tell,-40
756,Point,151000,ps/15, ,151000,بيت دجن,150336,4791,ps/15/151000,Beit Dajan,-974
757,Point,151010,ps/15, ,151010,روجيب,150241,6407,ps/15/151010,Rujeib,-1338
758,Point,151025,ps/15, ,151025,كفر قليل,150234,3255,ps/15/151025,Kafr Qalil,-659
759,Point,10035,ps/01, ,10035,سيلة الحارثية,110311,12352,ps/01/010035,Silat al Harithiya,-2605
760,Point,151030,ps/15,تشمل سمير عبد الجليل,151030,فروش بيت دجن,350214,777,ps/15/151030,Furush Beit Dajan,0
761,Point,151050,ps/15, ,151050,مادما,150363,2248,ps/15/151050,Madama,-455
762,Point,151080,ps/15, ,151080,بورين,150375,3055,ps/15/151080,Burin,-619
763,Point,151090,ps/15, ,151090,بيت فوريك,150336,14477,ps/15/151090,Beit Furik,-2941
764,Point,151095,ps/15, ,151095,عصيرة القبلية,150364,3153,ps/15/151095,'Asira al Qibliya,-1917
765,Point,151135,ps/15, ,151135,عورتا,150330,7578,ps/15/151135,'Awarta,-1582
766,Point,151160,ps/15, ,151160,عوريف,150365,3893,ps/15/151160,'Urif,-788
767,Point,151180,ps/15, ,151180,اودلا,150242,1682,ps/15/151180,Odala,-341
768,Point,151185,ps/15, ,151185,حوارة,150224,7153,ps/15/151185,Huwwara,-730
769,Point,151195,ps/15, ,151195,عينبوس,150321,3106,ps/15/151195,'Einabus,-318
770,Point,151200,ps/15, ,151200,يانون,150330,42,ps/15/151200,Yanun,-22
771,Point,151215,ps/15, ,151215,بيتا,150223,12550,ps/15/151215,Beita,-1040
772,Point,151230,ps/15, ,151230,زيتا جماعين,150249,2944,ps/15/151230,Zeita Jamma'in,0
773,Point,151245,ps/15, ,151245,جماعين,150227,7988,ps/15/151245,Jamma'in,-1010
774,Point,151265,ps/15, ,151265,اوصرين,150330,2206,ps/15/151265,Osarin,-461
775,Point,151270,ps/15,تشمل جفا النون,151270,عقربا,150330,10769,ps/15/151270,Aqraba,-2248
776,Point,151285,ps/15, ,151285,زعترة - نابلس,150223,42,ps/15/151285,Za'tara - Nablus,-9
777,Point,151325,ps/15, ,151325,يتما,150330,3613,ps/15/151325,Yatma,-470
778,Point,151335,ps/15, ,151335,قبلان,150221,8803,ps/15/151335,Qabalan,-1138
779,Point,151345,ps/15, ,151345,جوريش,150330,1656,ps/15/151345,Jurish,-346
780,Point,151365,ps/15, ,151365,قصرة,150330,5820,ps/15/151365,Qusra,-883
781,Point,151375,ps/15, ,151375,تلفيت,150330,3858,ps/15/151375,Talfit,-806
782,Point,251360,ps/25, ,251360,الزاوية,250125,6563,ps/25/251360,Al Zawyah,-987
783,Point,151385,ps/15, ,151385,مجدل بني فاضل,150330,3123,ps/15/151385,Majdal Bani Fadil,-652
784,Point,10045,ps/01, ,10045,عانين,110311,4549,ps/01/010045,'Anin,-959
785,Point,151405,ps/15, ,151405,اللبن الشرقية,150220,2836,ps/15/151405,Al Lubban ash Sharqiya,-264
786,Point,151410,ps/15, ,151410,قريوت,150248,2750,ps/15/151410,Qaryut,-388
787,Point,151420,ps/15, ,151420,جالود,150330,798,ps/15/151420,Jalud,-113
788,Point,151435,ps/15, ,151435,عمورية,150220,399,ps/15/151435,'Ammuriya,-12
789,Point,151445,ps/15, ,151445,دوما,150330,2873,ps/15/151445,Duma,-600
790,Point,200905,ps/20, ,200905,فلامية,100396,821,ps/20/200905,Falamya,0
791,Point,200925,ps/20, ,200925,كفر قدوم,200113,3554,ps/20/200925,Kafr Qaddum,-544
792,Point,200945,ps/20, ,200945,جيت,200112,2606,ps/20/200945,Jit,-399
793,Point,200965,ps/20, ,200965,باقة الحطب,200319,2106,ps/20/200965,Baqat al Hatab,-310
794,Point,200970,ps/20, ,200970,حجة,150117,2881,ps/20/200970,Hajja,-423
795,Point,200985,ps/20, ,200985,جيوس,75,3769,ps/20/200985,Jayyus,-76
796,Point,10050,ps/01, ,10050,عرانة,110388,2609,ps/01/010050,'Arrana,-497
797,Point,200995,ps/20, ,200995,خربة صير,75,699,ps/20/200995,Khirbet Sir,-14
798,Point,201005,ps/20, ,201005,عرب الرماضين الشمالي,86,52,ps/20/201005,'Arab ar Ramadin ash Shamali,0
799,Point,201015,ps/20, ,201015,فرعتا,200307,946,ps/20/201015,Far'ata,-139
800,Point,201020,ps/20, ,201020,اماتين,200307,2986,ps/20/201020,Immatin,-439
801,Point,201035,ps/20, ,201035,الفندق,200111,1219,ps/20/201035,Al Funduq,-180
802,Point,201040,ps/20, ,201040,قلقيلية,86,55996,ps/20/201040,Qalqiliya,1636
803,Point,201055,ps/20, ,201055,النبي الياس,200109,1517,ps/20/201055,An Nabi Elyas,-253
804,Point,201065,ps/20, ,201065,كفر لاقف,200114,1126,ps/20/201065,Kafr Laqif,-170
805,Point,201070,ps/20, ,201070,عرب ابو فردة,86,143,ps/20/201070,'Arab Abu Farda,0
806,Point,201075,ps/20, ,201075,عزبة الطبيب,200116,280,ps/20/201075,'Izbat at Tabib,-47
807,Point,10055,ps/01, ,10055,دير غزالة,110385,1219,ps/01/010055,Deir Ghazala,359
808,Point,201085,ps/20, ,201085,جنصافوط,200110,2786,ps/20/201085,Jinsafut,-410
809,Point,201100,ps/20, ,201100,عزون,75,10043,ps/20/201100,'Azzun,-201
810,Point,201105,ps/20, ,201105,عرب الرماضين الجنوبي,86,310,ps/20/201105,'Arab ar Ramadin al Janu,0
811,Point,201115,ps/20, ,201115,عسلة,200108,1205,ps/20/201115,'Isla,-180
812,Point,201120,ps/20, ,201120,وادي الرشا,123,165,ps/20/201120,Wadi Ar Rasha,0
813,Point,201125,ps/20, ,201125,حبلة,88,7646,ps/20/201125,Habla,0
814,Point,201130,ps/20, ,201130,رأس طيرة,89,525,ps/20/201130,Ras at Tira,-98
815,Point,201155,ps/20, ,201155,رأس عطية,89,2307,ps/20/201155,Ras 'Atiya,-431
816,Point,201170,ps/20, ,201170,الضبعة,89,447,ps/20/201170,Ad Dab'a,0
817,Point,201175,ps/20, ,201175,كفر ثلث,75,6074,ps/20/201175,Kafr Thulth,-1253
818,Point,201190,ps/20, ,201190,عزبة جلعود-العزب الغربي,114,159,ps/20/201190,'Izbat Jal'ud-Al Ezeb Al Gharbi,0
819,Point,201205,ps/20, ,201205,المدور-العزب الغربي,114,380,ps/20/201205,Al Mudawwar-Al Ezeb Al Gharbi,0
820,Point,201210,ps/20, ,201210,عزبة سلمان-العزب الغربي,114,971,ps/20/201210,'Izbat Salman-Al Ezeb Al Gharbi,0
821,Point,201225,ps/20, ,201225,عزبة الاشقر-العزب الغربي,114,489,ps/20/201225,'Izbat al Ashqar-Al Ezeb Al Gharbi,0
822,Point,201255,ps/20, ,201255,بيت امين,122,1387,ps/20/201255,Beit Amin,0
823,Point,201260,ps/20, ,201260,سنيريا,200115,3910,ps/20/201260,Sanniriya,-588
824,Point,10060,ps/01,خربة أبو عنقر، وبرغشة,10060,فقوعة,110380,4758,ps/01/010060,Faqqu'a,-906
825,Point,201280,ps/20, ,201280,عزون عتمة,121,2241,ps/20/201280,'Azzun 'Atma,0
826,Point,251250,ps/25,تشمل وادي قانا,251250,ديراستيا,250120,4021,ps/25/251250,Deir Istiya,-480
827,Point,251275,ps/25, ,251275,قراوة بني حسان,250128,5997,ps/25/251275,Qarawat Bani Hassan,-759
828,Point,251290,ps/25, ,251290,قيرة,250121,1391,ps/25/251290,Qira,-173
829,Point,251295_1,ps/25,تشمل دار أبو كايد,251295,كفل حارس,250130,4443,ps/25/251295_1,Kifl Haris,-1011
830,Point,251300,ps/25, ,251300,مردا,250122,2585,ps/25/251300,Marda,-286
831,Point,251305,ps/25, ,251305,بديا,250126,11369,ps/25/251305,Biddya,-1438
832,Point,251310,ps/25,تشمل دار أبو بصل,251310,حارس,250129,4501,ps/25/251310,Haris,-600
833,Point,251315,ps/25, ,251315,ياسوف,250123,2278,ps/25/251315,Yasuf,-328
834,Point,251320,ps/25, ,251320,مسحة,250124,2578,ps/25/251320,Mas-ha,-388
835,Point,251330,ps/25, ,251330,اسكاكا,250132,1304,ps/25/251330,Iskaka,-187
836,Point,251340,ps/25, ,251340,سرطة,250127,3679,ps/25/251340,Sarta,-466
837,Point,151380,ps/15, ,151380,الساوية,150245,2966,ps/15/151380,As sawya,-360
838,Point,251370,ps/25, ,251370,سلفيت,250118,11869,ps/25/251370,Salfit,-2502
839,Point,251395,ps/25, ,251395,رافات - سلفيت,250119,2744,ps/25/251395,Rafat - Salfit,-236
840,Point,251400,ps/25, ,251400,بروقين,250134,4402,ps/25/251400,Bruqin,-599
841,Point,251415,ps/25, ,251415,فرخة,250118,1796,ps/25/251415,Farkha,-435
842,Point,251425,ps/25,تشمل خربة سوسة,251425,كفر الديك,250133,6039,ps/25/251425,Kafr ad Dik,-436
843,Point,251430,ps/25, ,251430,دير بلوط,250131,4213,ps/25/251430,Deir Ballut,-511
844,Point,251440,ps/25, ,251440,خربة قيس,300170,297,ps/25/251440,Khirbet Qeis,-71
845,Point,301455,ps/30, ,301455,قراوة بني زيد,300394,3696,ps/30/301455,Qarawat Bani Zeid,0
846,Point,301460,ps/30, ,301460,مزارع النوباني,300170,2636,ps/30/301460,Mazari' an Nubani,0
847,Point,301470,ps/30, ,301470,كفر عين,300196,2119,ps/30/301470,Kafr 'Ein,0
848,Point,301475,ps/30, ,301475,عارورة,300170,3362,ps/30/301475,'Arura,0
849,Point,301485,ps/30, ,301485,عبوين,300170,3784,ps/30/301485,'Abwein,0
850,Point,301490,ps/30, ,301490,ترمسعيا,300170,2666,ps/30/301490,Turmus'ayya,0
851,Point,301495,ps/30, ,301495,اللبن الغربي,300193,1695,ps/30/301495,Al Lubban al Gharbi,0
852,Point,301500,ps/30, ,301500,سنجل,300170,6213,ps/30/301500,Sinjil,0
853,Point,301505,ps/30, ,301505,دير السودان,300170,2336,ps/30/301505,Deir as Sudan,0
854,Point,301515,ps/30, ,301515,رنتيس,300200,3440,ps/30/301515,Rantis,0
855,Point,301520,ps/30, ,301520,جلجليا,300170,684,ps/30/301520,Jilijliya,0
856,Point,999,ps/30, , ,كسارة ابو وجيه الطريفي,300407,7,ps/30/999,كسارة ابو وجيه الطريفي,0
857,Point,351840_1,ps/35,تابعة إلى النويعمة,351840,الديوك الفوقا,61,0,ps/35/351840_1, ,0
858,Point,351140_2,ps/35,تابعة إلى الجفتلك,351140,مجلس قروي الجفتلك1,350209,0,ps/35/351140_2, ,0
